obligation,domaine,libelle,periodicite,realisateurs,criticite,champ,conditions,rang,source,reference,article,url,versionConstatee,corpus,statutCorpus,lecture,luLe,versionEnVigueur,prescrit,verbatim,note,alertes
elec-travail-mise-en-service,electricite,Vérification initiale des installations électriques à la mise en service ou après modification,mise_en_service_uniquement,organisme_accredite,4,tout employeur,,fondement,CODE_TRAVAIL,R. 4226-14,R. 4226-14,https://www.legifrance.gouv.fr/codes/article_lc/LEGIARTI000022765072/,,code-travail-electricite,retenu,agent (verbatim non recoupé),2026-08-26,2011-07-01,,,,SANS_VERBATIM VERSION_JAMAIS_CONSTATEE
elec-travail-mise-en-service,electricite,Vérification initiale des installations électriques à la mise en service ou après modification,mise_en_service_uniquement,organisme_accredite,4,tout employeur,,contexte 1,ARRETE,"Arrêté du 26 décembre 2011 (vérifications des installations électriques), art. 2 et 6",Arrêté 2011-12-26 art. 2,https://www.legifrance.gouv.fr/jorf/id/JORFTEXT000025046978,,arrete-2011-12-26-electricite,retenu,agent (verbatim non recoupé),2026-08-26,2011-12-30,,,,SANS_VERBATIM VERSION_JAMAIS_CONSTATEE
elec-travail-periodique-annuelle,electricite,Vérification périodique annuelle des installations électriques (travail),annuelle,organisme_accredite ou personne_qualifiee,5,tout employeur,,fondement,CODE_TRAVAIL,R. 4226-16,R. 4226-16,https://www.legifrance.gouv.fr/codes/article_lc/LEGIARTI000022765070/,,code-travail-electricite,retenu,agent (verbatim non recoupé),2026-08-26,2011-07-01,,,,SANS_VERBATIM VERSION_JAMAIS_CONSTATEE
elec-travail-periodique-annuelle,electricite,Vérification périodique annuelle des installations électriques (travail),annuelle,organisme_accredite ou personne_qualifiee,5,tout employeur,,contexte 1,ARRETE,"Arrêté du 26 décembre 2011 (vérifications des installations électriques), art. 3",Arrêté 2011-12-26 art. 3,https://www.legifrance.gouv.fr/jorf/id/JORFTEXT000025046978,,arrete-2011-12-26-electricite,retenu,agent (verbatim non recoupé),2026-08-26,2011-12-30,"SECOND RÉGIME NON PORTÉ, relevé le 2026-08-27. « Le délai entre deux vérifications peut être porté à deux ans par le chef d'établissement si le rapport précédent ne présente aucune observation ou si, avant l'échéance, le chef d'établissement a fait réaliser les travaux de mise en conformité. » Ce n'est ni automatique ni de droit acquis : il faut informer l'inspecteur du travail par lettre recommandée avec accusé de réception, pièces à l'appui. Sans doute à NE PAS encoder comme une périodicité — afficher deux ans sans trace de l'envoi afficherait une échéance qui n'existe pas.",,"L'article 3 fixe la périodicité à un an, puis ouvre une faculté que le référentiel ne portait pas : « Toutefois, le délai entre deux vérifications peut être porté à deux ans par le chef d'établissement si le rapport précédent ne présente aucune observation ou si, avant l'échéance, le chef d'établissement a fait réaliser les travaux de mise en conformité de nature à répondre aux observations contenues dans le rapport de vérification. » Le texte ne la subordonne pas à une autorisation : « Le chef d'établissement informe l'inspecteur du travail par lettre recommandée avec accusé de réception, accompagnée des éléments prouvant qu'il n'y a pas de non-conformité ou que les non-conformités ont été levées. Cet envoi doit comprendre, le cas échéant, l'avis des membres du CHSCT ou des délégués du personnel. » Constaté le 2026-08-26.",SANS_VERBATIM VERSION_JAMAIS_CONSTATEE
elec-travail-consignation-registre,electricite,Consignation des rapports de vérification électrique au registre,autre,exploitant,3,tout employeur,,fondement,CODE_TRAVAIL,R. 4226-19,R. 4226-19,https://www.legifrance.gouv.fr/codes/article_lc/LEGIARTI000022765064/,,code-travail-incendie,retenu,agent (verbatim non recoupé),2026-08-26,2011-07-01,,,,CORPUS_NE_RENVOIE_PAS SANS_VERBATIM VERSION_JAMAIS_CONSTATEE
elec-travail-consignation-registre,electricite,Consignation des rapports de vérification électrique au registre,autre,exploitant,3,tout employeur,,contexte 1,CODE_TRAVAIL,L. 4711-5,L. 4711-5,https://www.legifrance.gouv.fr/codes/article_lc/LEGIARTI000006903389/,,code-travail-incendie,retenu,agent (verbatim non recoupé),2026-08-26,2008-05-01,,,,CORPUS_NE_RENVOIE_PAS SANS_VERBATIM VERSION_JAMAIS_CONSTATEE
elec-travail-habilitation-personnel,electricite,Habilitation électrique du personnel opérant sur ou à proximité d'installations électriques,triennale,exploitant,4,tout employeur,,fondement,CODE_TRAVAIL,R. 4544-9 à R. 4544-11,R. 4544-10,https://www.legifrance.gouv.fr/codes/article_lc/LEGIARTI000022849102/,,code-travail-electricite,retenu,agent (verbatim non recoupé),2026-08-26,2025-10-01,,,,PERIODICITE_SANS_TEXTE_PORTEUR SANS_VERBATIM VERSION_JAMAIS_CONSTATEE
elec-travail-habilitation-personnel,electricite,Habilitation électrique du personnel opérant sur ou à proximité d'installations électriques,triennale,exploitant,4,tout employeur,,contexte 1,INRS,INRS ED 6127 « Habilitation électrique »,INRS ED 6127,https://www.inrs.fr/media.html?refINRS=ED%206127,,inrs-documentaire,sans_objet,première main,2026-08-26,,,,,VERSION_JAMAIS_CONSTATEE
elec-erp-mise-en-service,electricite,Vérification électrique à la mise en service ou après travaux (ERP),mise_en_service_uniquement,organisme_agree,5,ERP,,fondement,ARRETE,"Arrêté du 25 juin 1980, art. GE 6 à GE 8 (vérifications par organismes agréés, rapport RVRAT)",GE 6,https://www.legifrance.gouv.fr/codes/section_lc/JORFTEXT000000290033/LEGISCTA000020303884/,,arrete-1980-livre-2,retenu,agent (verbatim non recoupé),2026-08-26,2007-11-19,,,,SANS_VERBATIM VERSION_FUTURE:2027-06-01 VERSION_JAMAIS_CONSTATEE
elec-erp-mise-en-service,electricite,Vérification électrique à la mise en service ou après travaux (ERP),mise_en_service_uniquement,organisme_agree,5,ERP,,contexte 1,ARRETE,"Arrêté du 25 juin 1980, art. EL 19 § 2 (installations neuves ou modifiées)",EL 19,https://www.legifrance.gouv.fr/loda/article_lc/LEGIARTI000021231068/,,arrete-1980-livre-2,retenu,agent (verbatim non recoupé),2026-08-26,2010-01-23,,,,SANS_VERBATIM VERSION_JAMAIS_CONSTATEE
elec-erp-cat1-4-annuelle,electricite,Vérification électrique annuelle (ERP 1ʳᵉ à 4ᵉ catégorie),annuelle,organisme_agree,5,ERP cat. N1/N2/N3/N4,,fondement,ARRETE,"Arrêté du 25 juin 1980, art. EL 19 § 1 et § 2",EL 19,https://www.legifrance.gouv.fr/loda/article_lc/LEGIARTI000021231068/,,arrete-1980-livre-2,retenu,agent (verbatim non recoupé),2026-08-26,2010-01-23,,,,SANS_VERBATIM VERSION_JAMAIS_CONSTATEE
elec-erp-cat5-quinquennale,electricite,Vérification triennale des installations électriques (ERP 5ᵉ catégorie),triennale,personne_competente ou organisme_agree,4,ERP cat. N5,,fondement,ARRETE,"Arrêté du 22 juin 1990 (ERP 5ᵉ catégorie), art. PE 4 § 2, rédaction de l'arrêté du 1er décembre 2025",PE 4,https://www.legifrance.gouv.fr/codes/section_lc/JORFTEXT000000290033/LEGISCTA000020374770/,,arrete-1980-livre-3,obligation_manquante,agent (verbatim non recoupé),2026-08-26,2026-07-01,,,,FONDEMENT_NON_RETENU:obligation_manquante VERSION_JAMAIS_CONSTATEE
elec-erp-cat5-quinquennale,electricite,Vérification triennale des installations électriques (ERP 5ᵉ catégorie),triennale,personne_competente ou organisme_agree,4,ERP cat. N5,,contexte 1,ARRETE,Arrêté du 1er décembre 2025 modifiant le règlement de sécurité ERP (applicable au 1er juillet 2026),Arrêté 2025-12-01,https://www.legifrance.gouv.fr/jorf/id/JORFTEXT000053020948,,arretes-modificatifs-erp,retenu,première main,2026-08-26,2026-07-01,"Texte modificateur. Il réécrit PE 4 § 2 — « En cours d'exploitation » devient « Tous les trois ans au plus », et « installations de gaz » est ajouté à la liste — et PE 10. Entrée en vigueur différée au 1er juillet 2026, donc en vigueur à ce jour.",,,SANS_VERBATIM VERSION_JAMAIS_CONSTATEE
elec-erp-groupe-electrogene-quinzaine,electricite,Vérification des niveaux du groupe électrogène de sécurité (ERP),bimensuelle,exploitant,4,ERP,,fondement,ARRETE,"Arrêté du 25 juin 1980, art. EL 18 § 4 (première périodicité)",EL 18,https://www.legifrance.gouv.fr/codes/article_lc/LEGIARTI000038485456/,2019-07-01,arrete-1980-livre-2,retenu,agent (verbatim non recoupé),2026-08-26,2019-07-01,,,"« Les groupes électrogènes de sécurité doivent faire l'objet d'un entretien régulier et d'essais selon la périodicité minimale suivante : ― tous les quinze jours, vérification du niveau d'huile, d'eau et de combustible, du dispositif de réchauffage du moteur et de l'état de la source utilisée pour le démarrage (batterie ou air comprimé) […]. » Verbatim confirmé par relecture indépendante le 2026-08-26.",CORPUS_NE_RENVOIE_PAS SANS_VERBATIM
elec-erp-groupe-electrogene-annuel,electricite,Entretien et essais des groupes électrogènes de sécurité (ERP),mensuelle,exploitant ou personne_qualifiee ou organisme_agree,4,ERP,INSTALLATION_ELECTRIQUE.aGroupeElectrogene = true (seulement si),fondement,ARRETE,"Arrêté du 25 juin 1980, art. EL 18 § 4 (entretien et essais des groupes électrogènes de sécurité)",EL 18,https://www.legifrance.gouv.fr/codes/article_lc/LEGIARTI000038485456/,,arrete-1980-livre-2,retenu,agent (verbatim non recoupé),2026-08-26,2019-07-01,,,,SANS_VERBATIM VERSION_JAMAIS_CONSTATEE
elec-erp-groupe-electrogene-annuel,electricite,Entretien et essais des groupes électrogènes de sécurité (ERP),mensuelle,exploitant ou personne_qualifiee ou organisme_agree,4,ERP,INSTALLATION_ELECTRIQUE.aGroupeElectrogene = true (seulement si),contexte 1,ARRETE,"Arrêté du 25 juin 1980, art. EL 19 (vérification annuelle)",EL 19,https://www.legifrance.gouv.fr/loda/article_lc/LEGIARTI000021231068/,,arrete-1980-livre-2,retenu,agent (verbatim non recoupé),2026-08-26,2010-01-23,,,,SANS_VERBATIM VERSION_JAMAIS_CONSTATEE
elec-igh-annuelle,electricite,Vérification annuelle des installations électriques (IGH),annuelle,organisme_agree,5,IGH,,fondement,ARRETE,"Arrêté du 30 décembre 2011 (règlement IGH), art. GH 5 (vérifications techniques par organismes agréés)",GH 5,https://www.legifrance.gouv.fr/loda/article_lc/LEGIARTI000025169258,,arrete-2011-12-30-igh,retenu,agent (verbatim non recoupé),2026-08-26,2026-01-01,"TROIS RYTHMES SUR QUATRE NON PORTÉS, relevés le 2026-08-27. « 3.1.1. Tous les six mois » (ascenseurs équipés de dispositifs d'appel prioritaire), « 3.1.3. Tous les deux ans » (paratonnerres), « 3.1.4. Tous les cinq ans » (évaluation de la charge calorifique de GH 61). Seul l'annuel est encodé. Faute de porteur : l'appel prioritaire est une propriété d'ascenseur absente du modèle, et ni les paratonnerres ni la charge calorifique n'ont de catégorie d'équipement. La règle des « 20 % par an » sur les ouvrants de désenfumage n'est PAS un cinquième rythme : c'est un bouclage interne à l'annuel, à couvrir en cinq ans.",,,CORPUS_NE_RENVOIE_PAS SANS_VERBATIM VERSION_JAMAIS_CONSTATEE
incendie-hotel-po-controle-annuel-electricite,electricite,Contrôle annuel des installations électriques (hôtel de 5ᵉ catégorie),annuelle,personne_qualifiee,5,ERP cat. N5 type O,,fondement,ARRETE,"Arrêté du 25 juin 1980, art. PO 1 § 3 (règles spécifiques aux hôtels)",PO 1,https://www.legifrance.gouv.fr/codes/section_lc/JORFTEXT000000290033/LEGISCTA000020374775/2018-01-01,2018-01-01,arrete-1980-livre-3,retenu,première main,2026-08-26,2018-01-01,"Chapitre IV — hôtels (type O) de 5ᵉ catégorie. Trois rythmes : biennal sur l'ensemble des installations techniques, annuel sur les installations électriques et les systèmes de détection incendie, renvoi à AS 9 pour les ascenseurs. Le volet électrique est porté depuis le 2026-08-26 : il comblait un vrai trou, `elec-erp-cat1-4-annuelle` s'arrêtant aux quatre premières catégories. Le volet détection est déjà couvert par `incendie-erp-ssi-annuelle`, qui vaut pour tous les ERP. Le volet biennal est déclaré à part. Lu en première main le 2026-08-26.","« § 3. L'ensemble des installations techniques doit être contrôlé par un technicien compétent tous les deux ans, à l'exception des installations électriques et des systèmes de détection incendie qui doivent être contrôlés annuellement. Le contrôle des ascenseurs relève des dispositions particulières précisées dans le cadre de l'article AS 9 du règlement. »","« L'ensemble des installations techniques doit être contrôlé par un technicien compétent tous les deux ans, à l'exception des installations électriques et des systèmes de détection incendie qui doivent être contrôlés annuellement. » Verbatim relevé en première main le 2026-08-26.",
incendie-hotel-po-controle-annuel-electricite,electricite,Contrôle annuel des installations électriques (hôtel de 5ᵉ catégorie),annuelle,personne_qualifiee,5,ERP cat. N5 type O,,contexte 1,ARRETE,"Arrêté du 25 juin 1980, art. PO 8 § 1 (extension aux hôtels existants)",PO 8,https://www.legifrance.gouv.fr/codes/section_lc/JORFTEXT000000290033/LEGISCTA000020374775/,2011-10-30,arrete-1980-livre-3,retenu,première main,2026-08-26,2011-10-30,"Ferme une question restée ouverte. PO 1 § 3 figure dans la section 1, intitulée « Prescriptions applicables aux établissements à construire ou à modifier » — on pouvait craindre que ses périodicités ne visent que les hôtels neufs. PO 8 § 1 ouvre la section 2, « Prescriptions applicables aux établissements existant », et y réimporte PO 1 (§ 3) NOMMÉMENT. Le contrôle annuel des installations électriques vaut donc pour TOUS les hôtels. Le § 3 impose en outre au chef d'établissement, lorsqu'une prescription ne peut être appliquée pour raisons architecturales, de proposer des solutions alternatives approuvées par la commission après analyse de risque — obligation nominative, sans périodicité.","« § 1. Les prescriptions définies dans la présente section sont applicables en complément des articles PE 4, PE 24, PE 26, PE 27, PE 32, PE 36, PO 1 (§ 3) et PO 5. »","« Les prescriptions définies dans la présente section sont applicables en complément des articles PE 4, PE 24, PE 26, PE 27, PE 32, PE 36, PO 1 (§ 3) et PO 5. » Verbatim relevé en première main le 2026-08-26. PO 1 § 3 figure dans la section 1, intitulée « Prescriptions applicables aux établissements à construire ou à modifier » ; PO 8 § 1 ouvre la section 2, « Prescriptions applicables aux établissements existant », et l'y réimporte nommément. La périodicité vaut donc pour TOUS les hôtels, pas seulement les neufs.",
elec-travail-rapport-quadriennal,electricite,Rapport quadriennal — mise à jour complète du descriptif électrique,quadriennale,organisme_accredite ou personne_qualifiee,4,tout employeur,,fondement,ARRETE,"Arrêté du 26 décembre 2011, annexe II, point 3.5 (mise à jour des renseignements descriptifs)",Arrêté 2011-12-26 annexe II,https://www.legifrance.gouv.fr/loda/article_lc/LEGIARTI000025100353,2011-12-30,arrete-2011-12-26-electricite,retenu,première main,2026-08-26,2011-12-30,"Fixe le contenu des rapports, et au point 3.5 une PÉRIODICITÉ que le référentiel ignorait : le rapport quadriennal. C'est ce qui empêche la vérification périodique de dériver — les rapports périodiques ne consignent que les non-conformités, sur la foi d'un descriptif établi une fois. Le point 4 impose en outre à l'organisme de conserver, à chaque vérification périodique, la liste des appareils, circuits et dispositifs différentiels vérifiés : obligation pesant sur le vérificateur, pas sur l'exploitant, donc hors du calendrier.","« 3.5. Mise à jour des renseignements descriptifs. Une mise à jour complète de l'ensemble des renseignements descriptifs doit être effectuée tous les quatre ans ; elle donnera lieu à un rapport, dit ""quadriennal"", rédigé comme un rapport de visite initiale. »","« Une mise à jour complète de l'ensemble des renseignements descriptifs doit être effectuée tous les quatre ans ; elle donnera lieu à un rapport, dit ""quadriennal"", rédigé comme un rapport de visite initiale. » Verbatim relevé en première main le 2026-08-26.",
elec-travail-rapport-quadriennal,electricite,Rapport quadriennal — mise à jour complète du descriptif électrique,quadriennale,organisme_accredite ou personne_qualifiee,4,tout employeur,,contexte 1,CODE_TRAVAIL,R. 4226-16 (vérification périodique annuelle),R. 4226-16,https://www.legifrance.gouv.fr/codes/article_lc/LEGIARTI000018490547/,,code-travail-electricite,retenu,agent (verbatim non recoupé),2026-08-26,2011-07-01,,,,CORPUS_NE_RENVOIE_PAS SANS_VERBATIM VERSION_JAMAIS_CONSTATEE
incendie-travail-moyens-lutte,incendie,Présence et maintien en état des moyens de lutte contre l'incendie (travail),autre,personne_qualifiee ou personne_competente,5,tout employeur,,fondement,CODE_TRAVAIL,R. 4227-28,R. 4227-28,https://www.legifrance.gouv.fr/codes/article_lc/LEGIARTI000018532081/,,code-travail-incendie,retenu,agent (verbatim non recoupé),2026-08-26,2008-05-01,,,,SANS_VERBATIM VERSION_JAMAIS_CONSTATEE
incendie-travail-moyens-lutte,incendie,Présence et maintien en état des moyens de lutte contre l'incendie (travail),autre,personne_qualifiee ou personne_competente,5,tout employeur,,contexte 1,CODE_TRAVAIL,R. 4227-29,R. 4227-29,https://www.legifrance.gouv.fr/codes/section_lc/LEGITEXT000006072050/LEGISCTA000018489127/,,code-travail-incendie,retenu,agent (verbatim non recoupé),2026-08-26,2008-05-01,,,,SANS_VERBATIM VERSION_JAMAIS_CONSTATEE
incendie-travail-consigne-affichee,incendie,Consigne de sécurité incendie établie et affichée,autre,exploitant,3,tout employeur,,fondement,CODE_TRAVAIL,R. 4227-37 et R. 4227-38,R. 4227-37,https://www.legifrance.gouv.fr/codes/article_lc/LEGIARTI000024769379/,,code-travail-incendie,retenu,agent (verbatim non recoupé),2026-08-26,2011-11-10,,,,SANS_VERBATIM VERSION_FUTURE:2027-01-01 VERSION_JAMAIS_CONSTATEE
incendie-travail-exercice-semestriel,incendie,Essais du matériel et exercices d'évacuation semestriels,semestrielle,exploitant,4,tout employeur,,fondement,CODE_TRAVAIL,R. 4227-39,R. 4227-39,https://www.legifrance.gouv.fr/codes/article_lc/LEGIARTI000024769386/,,code-travail-incendie,retenu,agent (verbatim non recoupé),2026-08-26,2011-11-10,,,,PERIODICITE_SANS_TEXTE_PORTEUR SANS_VERBATIM VERSION_JAMAIS_CONSTATEE
incendie-travail-exercice-semestriel,incendie,Essais du matériel et exercices d'évacuation semestriels,semestrielle,exploitant,4,tout employeur,,contexte 1,CODE_TRAVAIL,R. 4227-34,R. 4227-34,https://www.legifrance.gouv.fr/codes/article_lc/LEGIARTI000018532067/,,code-travail-incendie,retenu,agent (verbatim non recoupé),2026-08-26,2008-05-01,,,"Article qui pose le seuil : établissements où peuvent se trouver occupées ou réunies habituellement plus de cinquante personnes, ainsi que ceux, quelle que soit leur importance, où sont manipulées et mises en œuvre des matières inflammables.",SANS_VERBATIM VERSION_JAMAIS_CONSTATEE
incendie-registre-securite,incendie,Tenue du registre de sécurité,autre,exploitant,3,tout employeur · ERP,,fondement,CODE_TRAVAIL,R. 4227-39,R. 4227-39,https://www.legifrance.gouv.fr/codes/article_lc/LEGIARTI000024769386,,code-travail-incendie,retenu,agent (verbatim non recoupé),2026-08-26,2011-11-10,,,"Consignation sur registre des essais et exercices périodiques, avec leur date et les observations auxquelles ils ont donné lieu.",SANS_VERBATIM VERSION_JAMAIS_CONSTATEE
incendie-registre-securite,incendie,Tenue du registre de sécurité,autre,exploitant,3,tout employeur · ERP,,contexte 1,CODE_TRAVAIL,L. 4711-5,L. 4711-5,https://www.legifrance.gouv.fr/codes/article_lc/LEGIARTI000006903389/,,code-travail-incendie,retenu,agent (verbatim non recoupé),2026-08-26,2008-05-01,,,,SANS_VERBATIM VERSION_JAMAIS_CONSTATEE
incendie-registre-securite,incendie,Tenue du registre de sécurité,autre,exploitant,3,tout employeur · ERP,,contexte 2,CCH,"CCH, art. R. 143-44 (ex R. 123-51) — ERP",CCH R. 143-44,https://www.legifrance.gouv.fr/codes/article_lc/LEGIARTI000043819037/,2026-07-01,cch-registre-securite,retenu,première main,2026-08-26,2026-07-01,,,"Version en vigueur depuis le 1er juillet 2026 (décret n° 2025-1100 du 19 novembre 2025) : ajout du 5° sur les dates des exercices de sécurité incendie, et renvoi aux articles R. 141-10 et R. 141-11. Vise « les établissements soumis aux prescriptions du présent chapitre » — tous les ERP, 5e catégorie comprise.",SANS_VERBATIM
incendie-registre-securite,incendie,Tenue du registre de sécurité,autre,exploitant,3,tout employeur · ERP,,contexte 3,CCH,"CCH, art. R. 141-10 — contenu du registre",CCH R. 141-10,https://www.legifrance.gouv.fr/codes/section_lc/LEGITEXT000006074096/LEGISCTA000043818891/,2026-07-01,cch-registre-securite,retenu,première main,2026-08-26,2026-07-01,,,"Créé au 1er juillet 2026. Le registre « comprend en particulier les vérifications réalisées, les mesures de correction des écarts constatés ainsi que les diverses consignes établies en cas d'incendie, y compris concernant l'évacuation et la mise en sécurité des personnes ».",SANS_VERBATIM
incendie-registre-securite,incendie,Tenue du registre de sécurité,autre,exploitant,3,tout employeur · ERP,,contexte 4,CCH,"CCH, art. R. 141-11 — solutions d'effet équivalent",CCH R. 141-11,https://www.legifrance.gouv.fr/codes/section_lc/LEGITEXT000006074096/LEGISCTA000043818891/,2026-07-01,cch-registre-securite,retenu,première main,2026-08-26,2026-07-01,,,Créé au 1er juillet 2026. Les éléments identifiant une solution d'effet équivalent sont annexés au registre. Sans objet pour un établissement qui n'en met aucune en œuvre.,SANS_VERBATIM
incendie-registre-securite,incendie,Tenue du registre de sécurité,autre,exploitant,3,tout employeur · ERP,,contexte 5,CCH,"CCH, art. R. 146-35 (ex R. 122-29) — IGH",CCH R. 146-35,https://www.legifrance.gouv.fr/codes/article_lc/LEGIARTI000043819153,2026-07-01,cch-registre-securite,retenu,première main,2026-08-26,2026-07-01,,,,SANS_VERBATIM
incendie-travail-eclairage-securite-essai-mensuel,incendie,Essai mensuel de l'éclairage de sécurité (lieu de travail),mensuelle,exploitant,3,tout employeur,,fondement,ARRETE,"Arrêté du 14 décembre 2011, art. 11",Arrêté 2011-12-14 art. 11,https://www.legifrance.gouv.fr/loda/article_lc/LEGIARTI000025072657,,arrete-2011-12-14-eclairage,retenu,agent (verbatim non recoupé),2026-08-26,2011-12-31,,,"« Dans le cadre de la maintenance prescrite à l'article R. 4226-7 du code du travail, l'employeur procède aux vérifications de fonctionnement périodiques suivantes : Une fois par mois : a) Du passage à la position de fonctionnement en cas de défaillance de l'alimentation normale et de l'allumage de toutes les lampes […] ; b) De l'efficacité de la commande de mise en position de repos à distance et de la remise automatique en position de veille au retour de l'alimentation normale. »",SANS_VERBATIM VERSION_JAMAIS_CONSTATEE
incendie-travail-eclairage-securite-essai-mensuel,incendie,Essai mensuel de l'éclairage de sécurité (lieu de travail),mensuelle,exploitant,3,tout employeur,,contexte 1,CODE_TRAVAIL,R. 4227-14,R. 4227-14,https://www.legifrance.gouv.fr/codes/article_lc/LEGIARTI000022764985,,code-travail-incendie,retenu,agent (verbatim non recoupé),2026-08-26,2011-07-01,,,Fonde l'obligation d'éclairage de sécurité en lieu de travail et renvoie à un arrêté le soin de fixer « les conditions d'exploitation et de maintenance de cet éclairage ». Ne fixe lui-même aucune périodicité : c'est l'arrêté du 14 décembre 2011 qui la pose.,SANS_VERBATIM VERSION_JAMAIS_CONSTATEE
incendie-travail-eclairage-securite-essai-mensuel,incendie,Essai mensuel de l'éclairage de sécurité (lieu de travail),mensuelle,exploitant,3,tout employeur,,contexte 2,CODE_TRAVAIL,R. 4226-19,R. 4226-19,https://www.legifrance.gouv.fr/codes/article_lc/LEGIARTI000022765064/,,code-travail-incendie,retenu,agent (verbatim non recoupé),2026-08-26,2011-07-01,,,"Registre sur lequel l'article 11 de l'arrêté fait porter le résultat des opérations. Support de consignation, pas fondement de la périodicité.",SANS_VERBATIM VERSION_JAMAIS_CONSTATEE
incendie-travail-eclairage-securite-essai-mensuel,incendie,Essai mensuel de l'éclairage de sécurité (lieu de travail),mensuelle,exploitant,3,tout employeur,,contexte 3,ARRETE,"Arrêté du 14 décembre 2011, art. 1er",Arrêté 2011-12-14 art. 1,https://www.legifrance.gouv.fr/loda/article_lc/LEGIARTI000025072663,,arrete-2011-12-14-eclairage,retenu,agent (verbatim non recoupé),2026-08-26,2011-12-31,,,"Fonde le `erp: false` : « Dans les établissements recevant du public, pour les locaux dont la fonction essentielle est de recevoir du public et pour les dégagements accessibles au public, les dispositions du règlement de sécurité relatif à de tels établissements sont seules applicables à l'éclairage de sécurité de ces locaux ou dégagements. » Texte relu le 23 août 2026.",SANS_VERBATIM VERSION_JAMAIS_CONSTATEE
incendie-travail-eclairage-securite-autonomie-semestrielle,incendie,Vérification semestrielle de l'autonomie de l'éclairage de sécurité (lieu de travail),semestrielle,exploitant,4,tout employeur,,fondement,ARRETE,"Arrêté du 14 décembre 2011, art. 11",Arrêté 2011-12-14 art. 11,https://www.legifrance.gouv.fr/loda/article_lc/LEGIARTI000025072657,,arrete-2011-12-14-eclairage,retenu,agent (verbatim non recoupé),2026-08-26,2011-12-31,,,"« Une fois tous les six mois, de l'autonomie d'au moins une heure. Dans les établissements comportant des périodes de fermeture, ces opérations doivent être effectuées de telle manière qu'au début de chaque période d'ouverture l'installation d'éclairage ait retrouvé l'autonomie prescrite. »",SANS_VERBATIM VERSION_JAMAIS_CONSTATEE
incendie-travail-eclairage-securite-autonomie-semestrielle,incendie,Vérification semestrielle de l'autonomie de l'éclairage de sécurité (lieu de travail),semestrielle,exploitant,4,tout employeur,,contexte 1,CODE_TRAVAIL,R. 4227-14,R. 4227-14,https://www.legifrance.gouv.fr/codes/article_lc/LEGIARTI000022764985,,code-travail-incendie,retenu,agent (verbatim non recoupé),2026-08-26,2011-07-01,,,Fonde l'obligation d'éclairage de sécurité en lieu de travail et renvoie à un arrêté le soin de fixer « les conditions d'exploitation et de maintenance de cet éclairage ». Ne fixe lui-même aucune périodicité : c'est l'arrêté du 14 décembre 2011 qui la pose.,SANS_VERBATIM VERSION_JAMAIS_CONSTATEE
incendie-travail-eclairage-securite-autonomie-semestrielle,incendie,Vérification semestrielle de l'autonomie de l'éclairage de sécurité (lieu de travail),semestrielle,exploitant,4,tout employeur,,contexte 2,CODE_TRAVAIL,R. 4226-19,R. 4226-19,https://www.legifrance.gouv.fr/codes/article_lc/LEGIARTI000022765064/,,code-travail-incendie,retenu,agent (verbatim non recoupé),2026-08-26,2011-07-01,,,"Registre sur lequel l'article 11 de l'arrêté fait porter le résultat des opérations. Support de consignation, pas fondement de la périodicité.",SANS_VERBATIM VERSION_JAMAIS_CONSTATEE
incendie-travail-eclairage-securite-autonomie-semestrielle,incendie,Vérification semestrielle de l'autonomie de l'éclairage de sécurité (lieu de travail),semestrielle,exploitant,4,tout employeur,,contexte 3,ARRETE,"Arrêté du 14 décembre 2011, art. 1er",Arrêté 2011-12-14 art. 1,https://www.legifrance.gouv.fr/loda/article_lc/LEGIARTI000025072663,,arrete-2011-12-14-eclairage,retenu,agent (verbatim non recoupé),2026-08-26,2011-12-31,,,"Fonde le `erp: false` : « Dans les établissements recevant du public, pour les locaux dont la fonction essentielle est de recevoir du public et pour les dégagements accessibles au public, les dispositions du règlement de sécurité relatif à de tels établissements sont seules applicables à l'éclairage de sécurité de ces locaux ou dégagements. » Texte relu le 23 août 2026.",SANS_VERBATIM VERSION_JAMAIS_CONSTATEE
incendie-erp-eclairage-securite-essai-mensuel,incendie,Essai mensuel de l'éclairage de sécurité (ERP),mensuelle,exploitant,3,ERP,,fondement,ARRETE,"Arrêté du 25 juin 1980, art. EC 14 § 3",EC 14,https://www.legifrance.gouv.fr/loda/article_lc/LEGIARTI000021838315,,arrete-1980-livre-2,retenu,agent (verbatim non recoupé),2026-08-26,2010-05-16,,,"« L'exploitant s'assure périodiquement : — une fois par mois : — du passage à la position de fonctionnement en cas de défaillance de l'alimentation normale et à la vérification de l'allumage de toutes les lampes (le fonctionnement doit être strictement limité au temps nécessaire au contrôle visuel) ; — de l'efficacité de la commande de mise en position de repos à distance et de la remise automatique en position de veille au retour de l'alimentation normale. — une fois tous les six mois, de l'autonomie d'au moins 1 heure. » Version en vigueur depuis le 16 mai 2010, modifiée par l'arrêté du 11 décembre 2009. Texte relu le 23 août 2026.",SANS_VERBATIM VERSION_JAMAIS_CONSTATEE
incendie-erp-eclairage-securite-autonomie-semestrielle,incendie,Vérification semestrielle de l'autonomie de l'éclairage de sécurité (ERP),semestrielle,exploitant,4,ERP,,fondement,ARRETE,"Arrêté du 25 juin 1980, art. EC 14 § 3",EC 14,https://www.legifrance.gouv.fr/loda/article_lc/LEGIARTI000021838315,,arrete-1980-livre-2,retenu,agent (verbatim non recoupé),2026-08-26,2010-05-16,,,"« L'exploitant s'assure périodiquement : — une fois par mois : — du passage à la position de fonctionnement en cas de défaillance de l'alimentation normale et à la vérification de l'allumage de toutes les lampes (le fonctionnement doit être strictement limité au temps nécessaire au contrôle visuel) ; — de l'efficacité de la commande de mise en position de repos à distance et de la remise automatique en position de veille au retour de l'alimentation normale. — une fois tous les six mois, de l'autonomie d'au moins 1 heure. » Version en vigueur depuis le 16 mai 2010, modifiée par l'arrêté du 11 décembre 2009. Texte relu le 23 août 2026.",SANS_VERBATIM VERSION_JAMAIS_CONSTATEE
incendie-erp-extincteurs-annuelle,incendie,Vérification annuelle des extincteurs (ERP),annuelle,personne_qualifiee ou organisme_agree,5,ERP,,fondement,ARRETE,"Arrêté du 25 juin 1980, art. MS 38 § 4",MS 38,https://www.legifrance.gouv.fr/codes/section_lc/LEGITEXT000020303557/LEGISCTA000020317639/,2008-10-08,arrete-1980-livre-2,retenu,première main,2026-08-26,2008-10-08,,,"« Un extincteur doit faire l'objet d'une vérification annuelle et d'une révision tous les dix ans par une personne ou un organisme compétent. Il doit être marqué d'une étiquette clairement identifiable apposée par la personne ou l'organisme ayant réalisé cette dernière. Les années et les mois des vérifications doivent apparaître sur l'étiquette. Un plan d'implantation des extincteurs et un relevé des vérifications doivent être portés au registre de sécurité. » Le § 2 traite du marquage de l'appareil, pas de sa vérification : il était cité à tort.",SANS_VERBATIM
incendie-erp-extincteurs-annuelle,incendie,Vérification annuelle des extincteurs (ERP),annuelle,personne_qualifiee ou organisme_agree,5,ERP,,contexte 1,ARRETE,"Arrêté du 25 juin 1980, art. MS 73 § 2",MS 73,https://www.legifrance.gouv.fr/codes/article_lc/LEGIARTI000020317755/,,arrete-1980-livre-2,retenu,agent (verbatim non recoupé),2026-08-26,1980-08-15,"La triennale du § 2 ne vise QUE les systèmes de sécurité incendie de catégories A et B et les sprinkleurs, par personne ou organisme agréé — relu le 2026-08-27. Une obligation qui l'appliquerait aux SSI sans distinction de catégorie sur-couvrirait. Le § 2 fonde par ailleurs l'annuelle des dispositifs d'extinction automatique de cuisine, que GC 22 ne fonde pas.",,,SANS_VERBATIM VERSION_JAMAIS_CONSTATEE
incendie-erp-ssi-annuelle,incendie,Vérification annuelle des systèmes de sécurité incendie (SSI) en ERP,annuelle,personne_qualifiee ou organisme_agree,5,ERP,,fondement,ARRETE,"Arrêté du 25 juin 1980, art. MS 73 § 2 (vérification annuelle)",MS 73,https://www.legifrance.gouv.fr/codes/article_lc/LEGIARTI000020317755/,,arrete-1980-livre-2,retenu,agent (verbatim non recoupé),2026-08-26,1980-08-15,"La triennale du § 2 ne vise QUE les systèmes de sécurité incendie de catégories A et B et les sprinkleurs, par personne ou organisme agréé — relu le 2026-08-27. Une obligation qui l'appliquerait aux SSI sans distinction de catégorie sur-couvrirait. Le § 2 fonde par ailleurs l'annuelle des dispositifs d'extinction automatique de cuisine, que GC 22 ne fonde pas.",,,SANS_VERBATIM VERSION_JAMAIS_CONSTATEE
incendie-erp-ssi-triennale,incendie,Vérification triennale approfondie des SSI de catégorie A ou B (ERP),triennale,organisme_agree,4,ERP cat. N1/N2/N3/N4,,fondement,ARRETE,"Arrêté du 25 juin 1980, art. MS 73 § 2 (vérification triennale par organisme agréé des SSI de catégorie A ou B)",MS 73,https://www.legifrance.gouv.fr/codes/article_lc/LEGIARTI000020317755/,,arrete-1980-livre-2,retenu,agent (verbatim non recoupé),2026-08-26,1980-08-15,"La triennale du § 2 ne vise QUE les systèmes de sécurité incendie de catégories A et B et les sprinkleurs, par personne ou organisme agréé — relu le 2026-08-27. Une obligation qui l'appliquerait aux SSI sans distinction de catégorie sur-couvrirait. Le § 2 fonde par ailleurs l'annuelle des dispositifs d'extinction automatique de cuisine, que GC 22 ne fonde pas.",,,SANS_VERBATIM VERSION_JAMAIS_CONSTATEE
incendie-erp-baes-annuelle,incendie,Vérification annuelle de l'éclairage de sécurité / BAES (ERP),annuelle,personne_qualifiee,4,ERP,,fondement,ARRETE,"Arrêté du 25 juin 1980, art. EC 15",EC 15,https://www.legifrance.gouv.fr/loda/article_lc/LEGIARTI000020317463,,arrete-1980-livre-2,retenu,agent (verbatim non recoupé),2026-08-26,1980-08-15,,,"« Vérifications. — Les installations d'éclairage doivent être vérifiées dans les conditions de l'article EL 19. » Version en vigueur depuis le 15 août 1980. EC 15 ne fixe donc aucune périodicité : il renvoie, et c'est EL 19 qui porte les conditions. Texte relu le 23 août 2026.",SANS_VERBATIM VERSION_JAMAIS_CONSTATEE
incendie-erp-baes-annuelle,incendie,Vérification annuelle de l'éclairage de sécurité / BAES (ERP),annuelle,personne_qualifiee,4,ERP,,contexte 1,ARRETE,"Arrêté du 25 juin 1980, art. EL 19",EL 19,https://www.legifrance.gouv.fr/loda/article_lc/LEGIARTI000021231068,,arrete-1980-livre-2,retenu,agent (verbatim non recoupé),2026-08-26,2010-01-23,,,"Article de destination du renvoi d'EC 15 : c'est lui qui pose les vérifications techniques des installations d'éclairage, dont la périodicité annuelle. **Texte non encore relu au mot près** — Légifrance ne sert pas le corps des articles de cet arrêté à un client automatisé. À confronter avant toute évolution de cette obligation.",SANS_VERBATIM VERSION_JAMAIS_CONSTATEE
incendie-erp-desenfumage-annuelle,incendie,Vérification annuelle des installations de désenfumage (ERP),annuelle,personne_qualifiee,4,ERP,,fondement,ARRETE,"Arrêté du 25 juin 1980, art. DF 10",DF 10,https://www.legifrance.gouv.fr/loda/id/LEGITEXT000020303557/,,arrete-1980-livre-2,retenu,agent (verbatim non recoupé),2026-08-26,2007-10-28,,,,SANS_VERBATIM VERSION_JAMAIS_CONSTATEE
incendie-erp-ria-annuelle,incendie,Vérification annuelle des robinets d'incendie armés (RIA) en ERP,annuelle,personne_qualifiee,4,ERP,,fondement,ARRETE,"Arrêté du 25 juin 1980, art. MS 73 (appareils et installations fixes)",MS 73,https://www.legifrance.gouv.fr/codes/article_lc/LEGIARTI000020317755/,,arrete-1980-livre-2,retenu,agent (verbatim non recoupé),2026-08-26,1980-08-15,"La triennale du § 2 ne vise QUE les systèmes de sécurité incendie de catégories A et B et les sprinkleurs, par personne ou organisme agréé — relu le 2026-08-27. Une obligation qui l'appliquerait aux SSI sans distinction de catégorie sur-couvrirait. Le § 2 fonde par ailleurs l'annuelle des dispositifs d'extinction automatique de cuisine, que GC 22 ne fonde pas.",,,SANS_VERBATIM VERSION_JAMAIS_CONSTATEE
incendie-erp-5-visite-commission,incendie,Visite périodique de la commission de sécurité (ERP 5ᵉ avec locaux à sommeil ou installations spécifiques),autre,organisme_agree,4,ERP cat. N5,ALARME_INCENDIE.dessertLocauxSommeil ≠ false (sauf si),fondement,CCH,"CCH, art. R. 143-41 (visites périodiques de la commission)",CCH R. 143-41,https://www.legifrance.gouv.fr/codes/section_lc/LEGITEXT000006074096/LEGISCTA000043819015/,2021-07-01,cch-registre-securite,retenu,première main,2026-08-26,2021-07-01,"Fonde les visites périodiques et inopinées de la commission. Ne fixe AUCUNE périodicité : il renvoie au règlement de sécurité, dont la seule table (GE 4) ne vise que les quatre premières catégories.","« Ces établissements doivent faire l'objet, dans les conditions fixées au règlement de sécurité, de visites périodiques de contrôle et de visites inopinées effectuées par la commission de sécurité compétente. »","« Ces établissements doivent faire l'objet, dans les conditions fixées au règlement de sécurité, de visites périodiques de contrôle et de visites inopinées effectuées par la commission de sécurité compétente. » Verbatim relevé en première main le 2026-08-26. L'article FONDE les visites mais ne fixe AUCUNE périodicité : il renvoie au règlement de sécurité.",
incendie-erp-5-visite-commission,incendie,Visite périodique de la commission de sécurité (ERP 5ᵉ avec locaux à sommeil ou installations spécifiques),autre,organisme_agree,4,ERP cat. N5,ALARME_INCENDIE.dessertLocauxSommeil ≠ false (sauf si),contexte 1,ARRETE,"Arrêté du 25 juin 1980, art. GE 4 — n'est PAS applicable en 5ᵉ catégorie",GE 4,https://www.legifrance.gouv.fr/codes/section_lc/LEGITEXT000020303557/LEGISCTA000020303874/,2015-01-01,arrete-1980-livre-2,retenu,agent (verbatim non recoupé),2026-08-26,2015-01-01,,,"Cité pour montrer où la périodicité est fixée, et pour quels établissements. « Les établissements des 1re, 2e, 3e et 4e catégories doivent être visités périodiquement par les commissions de sécurité selon la fréquence fixée au tableau suivant. » Le tableau ne comporte aucune ligne de 5ᵉ catégorie, et GE 4 relève du Livre II, écarté par PE 1 § 1. Il ne fonde donc PAS cette obligation.",SANS_VERBATIM
incendie-erp-5-visite-commission,incendie,Visite périodique de la commission de sécurité (ERP 5ᵉ avec locaux à sommeil ou installations spécifiques),autre,organisme_agree,4,ERP cat. N5,ALARME_INCENDIE.dessertLocauxSommeil ≠ false (sauf si),contexte 2,ARRETE,"Arrêté du 25 juin 1980, art. PE 37 (ERP de 5ᵉ catégorie avec locaux à sommeil)",PE 37,https://www.legifrance.gouv.fr/codes/section_lc/JORFTEXT000000290033/LEGISCTA000020374774/,2004-11-24,arrete-1980-livre-3,obligation_manquante,première main,2026-08-26,2004-11-24,,,"« Ces établissements doivent être visités tous les cinq ans par la commission de sécurité compétente ; la fréquence de ces visites peut être augmentée, s'il est jugé nécessaire, par arrêté du maire ou du préfet, après avis de la commission. » Verbatim relevé en première main le 2026-08-26. SEUL article du Livre III fixant une périodicité de visite de commission — et il ne vise que les établissements comportant, pour le public, des locaux à sommeil.",
incendie-igh-moyens-secours-annuelle,incendie,Vérification annuelle des moyens de secours et SSI (IGH),annuelle,organisme_agree,5,IGH,,fondement,ARRETE,"Arrêté du 30 décembre 2011 (règlement IGH), art. GH 5 (vérifications techniques par organismes agréés)",GH 5,https://www.legifrance.gouv.fr/loda/article_lc/LEGIARTI000025169258,,arrete-2011-12-30-igh,retenu,agent (verbatim non recoupé),2026-08-26,2026-01-01,"TROIS RYTHMES SUR QUATRE NON PORTÉS, relevés le 2026-08-27. « 3.1.1. Tous les six mois » (ascenseurs équipés de dispositifs d'appel prioritaire), « 3.1.3. Tous les deux ans » (paratonnerres), « 3.1.4. Tous les cinq ans » (évaluation de la charge calorifique de GH 61). Seul l'annuel est encodé. Faute de porteur : l'appel prioritaire est une propriété d'ascenseur absente du modèle, et ni les paratonnerres ni la charge calorifique n'ont de catégorie d'équipement. La règle des « 20 % par an » sur les ouvrants de désenfumage n'est PAS un cinquième rythme : c'est un bouclage interne à l'annuel, à couvrir en cinq ans.",,,SANS_VERBATIM VERSION_JAMAIS_CONSTATEE
aeration-travail-mise-en-service,aeration,Contrôle initial des installations d'aération à la mise en service,mise_en_service_uniquement,personne_qualifiee,4,tout employeur,,fondement,CODE_TRAVAIL,R. 4222-20,R. 4222-20,https://www.legifrance.gouv.fr/codes/article_lc/LEGIARTI000018532294/,,code-travail-risque-chimique,obligation_manquante,première main,2026-08-26,2008-05-01,,,,FONDEMENT_NON_RETENU:obligation_manquante VERSION_JAMAIS_CONSTATEE
aeration-travail-mise-en-service,aeration,Contrôle initial des installations d'aération à la mise en service,mise_en_service_uniquement,personne_qualifiee,4,tout employeur,,contexte 1,CODE_TRAVAIL,R. 4222-21,R. 4222-21,https://www.legifrance.gouv.fr/codes/article_lc/LEGIARTI000036483604/,,code-travail-risque-chimique,retenu,agent (verbatim non recoupé),2026-08-26,2018-01-01,,,,SANS_VERBATIM VERSION_JAMAIS_CONSTATEE
aeration-travail-mise-en-service,aeration,Contrôle initial des installations d'aération à la mise en service,mise_en_service_uniquement,personne_qualifiee,4,tout employeur,,contexte 2,ARRETE,"Arrêté du 8 octobre 1987, art. 2, 3 et 4",Arrêté 1987-10-08 art. 3,https://www.legifrance.gouv.fr/loda/id/JORFTEXT000000863044/,,arrete-1987-10-08-aeration,retenu,agent (verbatim non recoupé),2026-08-26,1988-04-01,,,,SANS_VERBATIM VERSION_JAMAIS_CONSTATEE
aeration-travail-entretien-annuel,aeration,Contrôle périodique annuel des installations d'aération (travail),annuelle,personne_qualifiee ou personne_competente,4,tout employeur,,fondement,CODE_TRAVAIL,R. 4222-20,R. 4222-20,https://www.legifrance.gouv.fr/codes/article_lc/LEGIARTI000018532294/,,code-travail-risque-chimique,obligation_manquante,première main,2026-08-26,2008-05-01,,,,FONDEMENT_NON_RETENU:obligation_manquante VERSION_JAMAIS_CONSTATEE
aeration-travail-entretien-annuel,aeration,Contrôle périodique annuel des installations d'aération (travail),annuelle,personne_qualifiee ou personne_competente,4,tout employeur,,contexte 1,ARRETE,"Arrêté du 8 octobre 1987, art. 3",Arrêté 1987-10-08 art. 3,https://www.legifrance.gouv.fr/loda/article_lc/LEGIARTI000006678610,,arrete-1987-10-08-aeration,retenu,agent (verbatim non recoupé),2026-08-26,1988-04-01,,,,SANS_VERBATIM VERSION_JAMAIS_CONSTATEE
aeration-travail-locaux-pollution-specifique,aeration,Contrôle annuel des installations en locaux à pollution spécifique,annuelle,personne_qualifiee,4,tout employeur,VMC.estLocalPollutionSpecifique = true (seulement si) ET CTA.estLocalPollutionSpecifique = true (seulement si) ET HOTTE_PRO.estLocalPollutionSpecifique = true (seulement si),fondement,ARRETE,"Arrêté du 8 octobre 1987, art. 4",Arrêté 1987-10-08 art. 4,https://www.legifrance.gouv.fr/loda/article_lc/LEGIARTI000006678611,,arrete-1987-10-08-aeration,retenu,agent (verbatim non recoupé),2026-08-26,1988-04-01,"RYTHME NON PORTÉ, relevé le 2026-08-27. Le b) impose « au minimum tous les six mois lorsqu'il existe un système de recyclage » le contrôle de la concentration en poussières ou autres polluants dans les gaines de recyclage, et de tous les systèmes de surveillance. Il S'AJOUTE à l'annuel du a) et porte sur des objets DIFFÉRENTS — l'un les débits et l'état, l'autre les concentrations. Non encodé : la présence d'un système de recyclage est un attribut d'équipement que le modèle n'a pas.",,,SANS_VERBATIM VERSION_JAMAIS_CONSTATEE
aeration-erp-chauffage-ventilation-annuelle,aeration,Vérification annuelle des installations techniques de chauffage-ventilation (ERP),annuelle,personne_qualifiee,4,ERP,,fondement,ARRETE,"Arrêté du 25 juin 1980, art. CH 58 (vérification dans les conditions de la section II du chapitre Ier)",CH 58,https://www.legifrance.gouv.fr/codes/section_lc/JORFTEXT000000290033/LEGISCTA000020304588/,,arrete-1980-livre-2,retenu,agent (verbatim non recoupé),2026-08-26,2025-09-10,"RYTHME NON PORTÉ, relevé le 2026-08-27. La rédaction issue de l'arrêté du 1er septembre 2025 ajoute : « les dispositifs de sécurité et les asservissements liés, visés à l'article CH 35 § 3, doivent être vérifiés dans leur totalité tous les 3 ans », plus un contrôle d'étanchéité des systèmes thermodynamiques. Le référentiel ne porte que l'annuelle. Non encodé parce que le texte vise les seuls SYSTÈMES THERMODYNAMIQUES, qu'aucune propriété d'équipement ne distingue d'une CTA ordinaire : poser la triennale sur CTA sur-appliquerait.",,,SANS_VERBATIM VERSION_JAMAIS_CONSTATEE
aeration-erp-chauffage-ventilation-annuelle,aeration,Vérification annuelle des installations techniques de chauffage-ventilation (ERP),annuelle,personne_qualifiee,4,ERP,,contexte 1,ARRETE,"Arrêté du 25 juin 1980, art. CH 57 (entretien, ramonage annuel des conduits de fumée)",CH 57,https://www.legifrance.gouv.fr/codes/section_lc/JORFTEXT000000290033/LEGISCTA000020304588/,,arrete-1980-livre-2,retenu,agent (verbatim non recoupé),2026-08-26,1980-08-15,,,,SANS_VERBATIM VERSION_JAMAIS_CONSTATEE
aeration-erp-ps-surveillance-qualite-air-inf-250,aeration,Contrôle biennal de la surveillance de la qualité de l'air — parcs couverts ≤ 250 véhicules (ERP),biennale,personne_qualifiee,3,ERP,VMC.nbVehiculesParkingCouvert <= 250,fondement,ARRETE,"Arrêté du 25 juin 1980, art. PS 32 (rédaction arrêté du 9 mai 2006)",PS 32,https://www.legifrance.gouv.fr/codes/section_lc/JORFTEXT000000290033/LEGISCTA000024812448/,,arrete-1980-livre-4-parcs,retenu,agent (verbatim non recoupé),2026-08-26,2006-07-09,"LECTURE TROP ÉTROITE, relevée le 2026-08-27. Le biennal/annuel selon le seuil de 250 véhicules ne porte PAS sur la seule qualité de l'air : il couvre sept familles d'installations — électriques, désenfumage mécanique, signalisation, alarme, détection, sécurité incendie, moyens de lutte, obturation coupe-feu — dont les dispositifs de surveillance de la qualité de l'air. S'y AJOUTE « lors de leur mise en service puis au moins une fois tous les cinq ans par un organisme agréé », dont la qualité de l'air est le seul poste expressément exclu : la différence porte sur le vérificateur, pas sur la cadence. Non encodés, faute de pouvoir énumérer sans décider à la place du texte.",,,SANS_VERBATIM VERSION_JAMAIS_CONSTATEE
aeration-erp-ps-surveillance-qualite-air-sup-250,aeration,Contrôle annuel de la surveillance de la qualité de l'air — parcs couverts > 250 véhicules (ERP),annuelle,personne_qualifiee,4,ERP,VMC.nbVehiculesParkingCouvert > 250,fondement,ARRETE,"Arrêté du 25 juin 1980, art. PS 32 (rédaction arrêté du 9 mai 2006)",PS 32,https://www.legifrance.gouv.fr/codes/section_lc/JORFTEXT000000290033/LEGISCTA000024812448/,,arrete-1980-livre-4-parcs,retenu,agent (verbatim non recoupé),2026-08-26,2006-07-09,"LECTURE TROP ÉTROITE, relevée le 2026-08-27. Le biennal/annuel selon le seuil de 250 véhicules ne porte PAS sur la seule qualité de l'air : il couvre sept familles d'installations — électriques, désenfumage mécanique, signalisation, alarme, détection, sécurité incendie, moyens de lutte, obturation coupe-feu — dont les dispositifs de surveillance de la qualité de l'air. S'y AJOUTE « lors de leur mise en service puis au moins une fois tous les cinq ans par un organisme agréé », dont la qualité de l'air est le seul poste expressément exclu : la différence porte sur le vérificateur, pas sur la cadence. Non encodés, faute de pouvoir énumérer sans décider à la place du texte.",,,SANS_VERBATIM VERSION_JAMAIS_CONSTATEE
aeration-habitation-vmc-gaz-quinquennale,aeration,Contrôle quinquennal du réglage et de la sécurité collective des VMC-Gaz (habitation),quinquennale,personne_qualifiee,5,habitation,VMC.estVmcGaz ≠ false (sauf si),fondement,ARRETE,"Arrêté du 23 février 2018, art. 26 § 5° (opérations quinquennales sur les VMC-gaz)",Arrêté 23-02-2018 art. 26,https://www.legifrance.gouv.fr/loda/id/JORFTEXT000036667631,2023-01-01,arrete-2018-02-23-gaz-habitation,retenu,première main,2026-08-26,2023-01-01,"DEUX périodicités minimales sur les VMC-gaz : annuelle (nettoyage des pales, pièces d'usure, caractéristiques de fonctionnement, détection de défaut) et quinquennale (réglage global du réseau aéraulique, vérification d'ensemble du dispositif de sécurité collective appareil par appareil). Exige un CERTIFICAT remis au propriétaire ou au syndic — et non un contrat écrit, qui relève du § 3° et porte sur un autre objet.","« 5° Les installations collectives de ventilation mécanique contrôlée - gaz, auxquelles sont raccordés des appareils à gaz font l'objet d'opérations périodiques d'entretien et de vérification […] avec l'établissement d'un certificat remis au propriétaire ou au syndic et attestant de leur réalisation effective : Les opérations à une fréquence au moins égale à une fois par an portent sur : […] Les opérations à une fréquence au moins égale à une fois tous les cinq ans portent sur : […] »","« Les opérations à une fréquence au moins égale à une fois tous les cinq ans portent sur : - le contrôle et le réglage global de l'ensemble de l'installation et notamment le réglage général du réseau aéraulique, le réglage ou le remplacement des bouches d'air et d'extraction et le relevé des pressions, etc. ; - la vérification du bon fonctionnement de l'ensemble du dispositif de sécurité collective ; cette vérification porte également sur chaque appareil raccordé. » Verbatim relevé en première main le 2026-08-26.",
aeration-habitation-vmc-gaz-annuelle,aeration,Entretien et vérification annuelle des installations collectives de VMC-Gaz (habitation),annuelle,personne_qualifiee,5,habitation,VMC.estVmcGaz ≠ false (sauf si),fondement,ARRETE,"Arrêté du 23 février 2018, art. 26 § 5° (opérations annuelles sur les VMC-gaz)",Arrêté 23-02-2018 art. 26,https://www.legifrance.gouv.fr/loda/id/JORFTEXT000036667631,2023-01-01,arrete-2018-02-23-gaz-habitation,retenu,première main,2026-08-26,2023-01-01,"DEUX périodicités minimales sur les VMC-gaz : annuelle (nettoyage des pales, pièces d'usure, caractéristiques de fonctionnement, détection de défaut) et quinquennale (réglage global du réseau aéraulique, vérification d'ensemble du dispositif de sécurité collective appareil par appareil). Exige un CERTIFICAT remis au propriétaire ou au syndic — et non un contrat écrit, qui relève du § 3° et porte sur un autre objet.","« 5° Les installations collectives de ventilation mécanique contrôlée - gaz, auxquelles sont raccordés des appareils à gaz font l'objet d'opérations périodiques d'entretien et de vérification […] avec l'établissement d'un certificat remis au propriétaire ou au syndic et attestant de leur réalisation effective : Les opérations à une fréquence au moins égale à une fois par an portent sur : […] Les opérations à une fréquence au moins égale à une fois tous les cinq ans portent sur : […] »","« Les installations collectives de ventilation mécanique contrôlée - gaz, auxquelles sont raccordés des appareils à gaz font l'objet d'opérations périodiques d'entretien et de vérification […] avec l'établissement d'un certificat remis au propriétaire ou au syndic et attestant de leur réalisation effective : Les opérations à une fréquence au moins égale à une fois par an portent sur : - le nettoyage des pales des ventilateurs ; - la vérification et, le cas échéant, le remplacement des pièces d'usure ; - la vérification du maintien des caractéristiques de fonctionnement de la ventilation mécanique contrôlée-gaz, de son état de propreté, du fonctionnement des alarmes éventuelles et de l'absence de dispositifs motorisés raccordés à la ventilation mécanique contrôlée - gaz ; - le bon fonctionnement du système de détection de défaut du dispositif de sécurité collective. » Verbatim relevé en première main le 2026-08-26. L'abrogation de l'arrêté du 25 avril 1985 est confirmée par l'article 32 du même arrêté.",
cuisson-erp-filtres-hebdomadaire,cuisson_hotte,Nettoyage ou remplacement des filtres de hotte (grandes cuisines ERP),hebdomadaire,exploitant,4,ERP,,fondement,ARRETE,"Arrêté du 25 juin 1980, art. GC 21 § 2 (entretien des installations de cuisson)",GC 21,https://www.legifrance.gouv.fr/codes/section_lc/JORFTEXT000000290033/LEGISCTA000020317499/2022-02-10,1980-08-15,arrete-1980-livre-2,retenu,première main,2026-08-26,1980-08-15,"DEUX rythmes : ramonage annuel des conduits avec vérification de leur vacuité, et nettoyage ou remplacement des filtres au minimum HEBDOMADAIRE. Le second ne produisait aucune échéance avant le 2026-08-26 — il vivait dans le libellé d'une référence. Le § 3 impose en outre de noter les dates des vérifications et opérations d'entretien, et d'annexer ce relevé au registre de sécurité.","« § 2. Au moins une fois par an, il doit être procédé au ramonage des conduits d'évacuation et à la vérification de leur vacuité. […] Les filtres doivent être nettoyés ou remplacés aussi souvent que nécessaire et, en tout cas, au minimum une fois par semaine. »","« Pendant les périodes d'activité, les appareils de cuisson et de remise en température, le circuit d'extraction d'air vicié, de buées et de graisses, y compris les ventilateurs et récupérateurs de chaleur éventuels, doivent être nettoyés chaque fois qu'il est nécessaire. Les filtres doivent être nettoyés ou remplacés aussi souvent que nécessaire et, en tout cas, au minimum une fois par semaine. » Verbatim relevé en première main le 2026-08-26.",
cuisson-erp-verification-initiale,cuisson_hotte,Vérification à la mise en service des installations de cuisson (grandes cuisines ERP),mise_en_service_uniquement,organisme_agree,5,ERP,,fondement,ARRETE,"Arrêté du 25 juin 1980, art. GC 22 § 1 (vérification dans les conditions de la section II du chapitre Ier)",GC 22,https://www.legifrance.gouv.fr/codes/section_lc/JORFTEXT000000290033/LEGISCTA000020317519/,,arrete-1980-livre-2,retenu,agent (verbatim non recoupé),2026-08-26,1980-08-15,,,,SANS_VERBATIM VERSION_JAMAIS_CONSTATEE
cuisson-erp-verification-initiale,cuisson_hotte,Vérification à la mise en service des installations de cuisson (grandes cuisines ERP),mise_en_service_uniquement,organisme_agree,5,ERP,,contexte 1,ARRETE,"Arrêté du 25 juin 1980, art. GE 6 à GE 8 (vérifications par organismes agréés)",GE 6,https://www.legifrance.gouv.fr/codes/section_lc/JORFTEXT000000290033/LEGISCTA000020303884/,,arrete-1980-livre-2,retenu,agent (verbatim non recoupé),2026-08-26,2007-11-19,,,,CORPUS_NE_RENVOIE_PAS SANS_VERBATIM VERSION_FUTURE:2027-06-01 VERSION_JAMAIS_CONSTATEE
cuisson-erp-verification-initiale,cuisson_hotte,Vérification à la mise en service des installations de cuisson (grandes cuisines ERP),mise_en_service_uniquement,organisme_agree,5,ERP,,contexte 2,ARRETE,"Arrêté du 25 juin 1980, art. GC 1 § 3 (définition de la « grande cuisine »)",GC 1,https://www.legifrance.gouv.fr/codes/section_lc/JORFTEXT000000290033/LEGISCTA000020317499/2022-02-10,1980-08-15,arrete-1980-livre-2,retenu,première main,2026-08-26,1980-08-15,"Définit le seuil qui déclenche tout le chapitre X : 20 kW de puissance utile totale, et RIEN D'AUTRE. Aucune mention d'un nombre de couverts, ici ni ailleurs dans le chapitre. Le référentiel annonçait « > 20 kW ou production > 500 couverts simultanés, cf. art. GC 1 » — second critère inventé, corrigé le 2026-08-26. GC 1 distingue par ailleurs la grande cuisine de l'office de remise en température, de l'îlot de cuisson et du module ou conteneur spécialisé, qui relèvent de sections distinctes.","« § 3. Un local ou un groupement de locaux non isolés entre eux comportant des appareils de cuisson et des appareils de remise en température dont la puissance utile totale est supérieure à 20 kW est appelé ""grande cuisine"". »","« Un local ou un groupement de locaux non isolés entre eux comportant des appareils de cuisson et des appareils de remise en température dont la puissance utile totale est supérieure à 20 kW est appelé ""grande cuisine"". » Verbatim relevé en première main le 2026-08-26. C'est le SEUL seuil du chapitre X : aucune mention d'un nombre de couverts.",
cuisson-erp-appareils-annuelle,cuisson_hotte,Vérification annuelle des appareils de cuisson et des dispositifs de sécurité (grandes cuisines ERP),annuelle,personne_qualifiee,4,ERP,,fondement,ARRETE,"Arrêté du 25 juin 1980, art. GC 22",GC 22,https://www.legifrance.gouv.fr/codes/section_lc/JORFTEXT000000290033/LEGISCTA000020317519/,,arrete-1980-livre-2,retenu,agent (verbatim non recoupé),2026-08-26,1980-08-15,,,,SANS_VERBATIM VERSION_JAMAIS_CONSTATEE
cuisson-gaz-installations-triennale,cuisson_hotte,Vérification triennale des installations de gaz combustible (ERP 5ᵉ catégorie),triennale,personne_qualifiee ou organisme_agree,5,ERP cat. N5,,fondement,ARRETE,"Arrêté du 22 juin 1990 (ERP 5ᵉ catégorie), art. PE 4 § 2, rédaction de l'arrêté du 1er décembre 2025",PE 4,https://www.legifrance.gouv.fr/codes/section_lc/JORFTEXT000000290033/LEGISCTA000020374770/,,arrete-1980-livre-3,obligation_manquante,agent (verbatim non recoupé),2026-08-26,2026-07-01,,,,FONDEMENT_NON_RETENU:obligation_manquante VERSION_JAMAIS_CONSTATEE
cuisson-gaz-installations-triennale,cuisson_hotte,Vérification triennale des installations de gaz combustible (ERP 5ᵉ catégorie),triennale,personne_qualifiee ou organisme_agree,5,ERP cat. N5,,contexte 1,ARRETE,Arrêté du 1er décembre 2025 modifiant le règlement de sécurité ERP (applicable au 1er juillet 2026),Arrêté 2025-12-01,https://www.legifrance.gouv.fr/jorf/id/JORFTEXT000053020948,,arretes-modificatifs-erp,retenu,première main,2026-08-26,2026-07-01,"Texte modificateur. Il réécrit PE 4 § 2 — « En cours d'exploitation » devient « Tous les trois ans au plus », et « installations de gaz » est ajouté à la liste — et PE 10. Entrée en vigueur différée au 1er juillet 2026, donc en vigueur à ce jour.",,,SANS_VERBATIM VERSION_JAMAIS_CONSTATEE
cuisson-gaz-installations-annuelle,cuisson_hotte,Vérification annuelle des installations de gaz combustible (ERP 1ʳᵉ à 4ᵉ catégorie),annuelle,organisme_agree ou personne_competente,5,ERP cat. N1/N2/N3/N4,,fondement,ARRETE,"Arrêté du 25 juin 1980, art. GZ 15 (vérifications techniques périodiques, ex GZ 30)",GZ 15,https://www.legifrance.gouv.fr/codes/section_lc/JORFTEXT000000290033/LEGISCTA000020304213,,arrete-1980-livre-2,retenu,agent (verbatim non recoupé),2026-08-26,2026-01-01,,,,SANS_VERBATIM VERSION_JAMAIS_CONSTATEE
cuisson-erp-circuits-extraction-nettoyage,cuisson_hotte,Ramonage et nettoyage annuels des circuits d'extraction de buées (grandes cuisines ERP),annuelle,personne_qualifiee ou exploitant,4,ERP,,fondement,ARRETE,"Arrêté du 25 juin 1980, art. GC 21 § 2 (ramonage annuel, nettoyage des circuits, filtres hebdomadaires)",GC 21,https://www.legifrance.gouv.fr/codes/section_lc/JORFTEXT000000290033/LEGISCTA000020317519/,,arrete-1980-livre-2,retenu,première main,2026-08-26,1980-08-15,"DEUX rythmes : ramonage annuel des conduits avec vérification de leur vacuité, et nettoyage ou remplacement des filtres au minimum HEBDOMADAIRE. Le second ne produisait aucune échéance avant le 2026-08-26 — il vivait dans le libellé d'une référence. Le § 3 impose en outre de noter les dates des vérifications et opérations d'entretien, et d'annexer ce relevé au registre de sécurité.","« § 2. Au moins une fois par an, il doit être procédé au ramonage des conduits d'évacuation et à la vérification de leur vacuité. […] Les filtres doivent être nettoyés ou remplacés aussi souvent que nécessaire et, en tout cas, au minimum une fois par semaine. »",,VERSION_JAMAIS_CONSTATEE
cuisson-erp-extinction-automatique-annuelle,cuisson_hotte,Vérification annuelle du système d'extinction automatique sur appareils de cuisson (ERP),annuelle,personne_qualifiee,5,ERP,APPAREIL_CUISSON_ERP.aExtinctionAutomatique ≠ false (sauf si),fondement,ARRETE,"Arrêté du 25 juin 1980, art. GC 22 (vérifications techniques annuelles)",GC 22,https://www.legifrance.gouv.fr/codes/section_lc/JORFTEXT000000290033/LEGISCTA000020317519/,,arrete-1980-livre-2,retenu,agent (verbatim non recoupé),2026-08-26,1980-08-15,,,,SANS_VERBATIM VERSION_JAMAIS_CONSTATEE
cuisson-erp-extinction-automatique-annuelle,cuisson_hotte,Vérification annuelle du système d'extinction automatique sur appareils de cuisson (ERP),annuelle,personne_qualifiee,5,ERP,APPAREIL_CUISSON_ERP.aExtinctionAutomatique ≠ false (sauf si),contexte 1,ARRETE,"Arrêté du 25 juin 1980, art. MS 73 § 2 (vérification annuelle des moyens de secours)",MS 73,https://www.legifrance.gouv.fr/codes/section_lc/JORFTEXT000000290033/LEGISCTA000020317753/,1980-08-15,arrete-1980-livre-2,retenu,agent (verbatim non recoupé),2026-08-26,1980-08-15,"La triennale du § 2 ne vise QUE les systèmes de sécurité incendie de catégories A et B et les sprinkleurs, par personne ou organisme agréé — relu le 2026-08-27. Une obligation qui l'appliquerait aux SSI sans distinction de catégorie sur-couvrirait. Le § 2 fonde par ailleurs l'annuelle des dispositifs d'extinction automatique de cuisine, que GC 22 ne fonde pas.",,"« En cours d'exploitation, ces mêmes appareils ou installations ainsi que les appareils mobiles doivent être vérifiés, au moins une fois par an, dans les conditions prévues à la section II précitée. » Verbatim relevé en première main le 2026-08-27. La triennale par organisme agréé du même paragraphe ne vise QUE les SSI de catégories A et B et les sprinkleurs : un système sous hotte de friteuse relève de l'annuelle par technicien compétent.",SANS_VERBATIM
cuisson-erp-extinction-automatique-annuelle,cuisson_hotte,Vérification annuelle du système d'extinction automatique sur appareils de cuisson (ERP),annuelle,personne_qualifiee,5,ERP,APPAREIL_CUISSON_ERP.aExtinctionAutomatique ≠ false (sauf si),contexte 2,ARRETE,"Arrêté du 25 juin 1980, art. GC 8 (obligation d'installation du dispositif)",GC 8,https://www.legifrance.gouv.fr/codes/section_lc/JORFTEXT000000290033/LEGISCTA000020317499/,1980-08-15,arrete-1980-livre-2,retenu,première main,2026-08-27,1980-08-15,"Fonde l'EXISTENCE du dispositif d'extinction automatique, pas sa vérification — laquelle relève de MS 73 § 2. Les deux articles étaient absents de l'obligation, qui ne citait que GC 22, où l'expression « extinction automatique » n'apparaît pas.","« Dans les grandes cuisines ouvertes et les îlots de cuisson, des dispositifs d'extinction automatique adaptés au feu d'huile doivent être installés à l'aplomb des friteuses ouvertes. »","« Dans les grandes cuisines ouvertes et les îlots de cuisson, des dispositifs d'extinction automatique adaptés au feu d'huile doivent être installés à l'aplomb des friteuses ouvertes. » Fonde l'EXISTENCE du dispositif, pas sa vérification.",
ascenseur-visite-six-semaines,ascenseur,Visite de l'ascenseur toutes les six semaines,six_semaines,personne_qualifiee,5,tout employeur · ERP · IGH · habitation,,fondement,CCH,"CCH, art. R. 134-6 (prestations minimales du contrat d'entretien)",CCH R. 134-6,https://www.legifrance.gouv.fr/codes/article_lc/LEGIARTI000043818737/,,cch-ascenseurs,retenu,agent (verbatim non recoupé),2026-08-26,2026-04-01,,,,CORPUS_NE_RENVOIE_PAS SANS_VERBATIM VERSION_JAMAIS_CONSTATEE
ascenseur-visite-six-semaines,ascenseur,Visite de l'ascenseur toutes les six semaines,six_semaines,personne_qualifiee,5,tout employeur · ERP · IGH · habitation,,contexte 1,ARRETE,"Arrêté du 18 novembre 2004 (entretien), annexe — colonne « intervalle maximum de six semaines »",Arrêté 2004-11-18,https://www.legifrance.gouv.fr/loda/id/JORFTEXT000000254219,2026-04-01,arretes-ascenseurs,retenu,première main,2026-08-26,2026-04-01,"Dix-huit lignes cochées sur les trente-six du tableau. SEMESTRIEL (3) : frein ; câbles ou chaînes de suspension et leurs extrémités ; dispositif antidérive. ANNUEL (6) : cuvette, toit de cabine et local des machines (propreté, éclairage) ; poulie de traction ; limiteurs de vitesse et poulie de tension ; parachute et dispositifs antichute ; dispositifs hors course de sécurité ; pompe à main ou soupape de descente à commande manuelle. SIX SEMAINES (9) : cabine ; verrouillages et contacts de fermeture des baies palières ; dispositif anti-vandalisme des baies palières ; verrouillages et contacts de fermeture de la porte de cabine ; efficacité du dispositif de réouverture ; précision d'arrêt et de nivelage au palier ; moyens d'alerte et de communication avec le service d'intervention ; commandes et indicateurs aux paliers ; cuve hydraulique (niveau, fuites). Les trois colonnes sont désormais portées, la dernière depuis l'ajout de la valeur `six_semaines` (42 jours) à l'énumération et à l'enum Postgres le 2026-08-26. Le tableau a été relevé sur capture d'écran le 2026-08-26 : sa conversion en texte perd la position des croix et l'avait rendu illisible à quatre reprises.","Annexe, trois colonnes : « INTERVALLE maximum de six semaines » / « FRÉQUENCE minimale semestrielle » / « FRÉQUENCE minimale annuelle ». « Nota. - Pour les lignes non cochées, la fréquence est laissée à l'appréciation des contractants. »","Colonne « INTERVALLE maximum de six semaines » du tableau annexé, neuf lignes cochées. Relevé sur capture d'écran le 2026-08-26 : la conversion du tableau en texte perd la position des croix et l'avait rendu illisible à quatre reprises.",
ascenseur-entretien-contrat,ascenseur,Contrat d'entretien avec prestations minimales (ascenseur),autre,exploitant,4,tout employeur · ERP · IGH · habitation,,fondement,CCH,"CCH, art. R. 134-6 et R. 134-7 (ex R. 125-2 et R. 125-2-1)",CCH R. 134-6,https://www.legifrance.gouv.fr/codes/article_lc/LEGIARTI000043818737/,,cch-ascenseurs,retenu,agent (verbatim non recoupé),2026-08-26,2026-04-01,,,,SANS_VERBATIM VERSION_JAMAIS_CONSTATEE
ascenseur-entretien-contrat,ascenseur,Contrat d'entretien avec prestations minimales (ascenseur),autre,exploitant,4,tout employeur · ERP · IGH · habitation,,contexte 1,ARRETE,"Arrêté du 18 novembre 2004 relatif à l'entretien des installations d'ascenseurs, art. 2 et annexe",Arrêté 2004-11-18,https://www.legifrance.gouv.fr/loda/id/JORFTEXT000000254219,2026-04-01,arretes-ascenseurs,retenu,première main,2026-08-26,2026-04-01,"Dix-huit lignes cochées sur les trente-six du tableau. SEMESTRIEL (3) : frein ; câbles ou chaînes de suspension et leurs extrémités ; dispositif antidérive. ANNUEL (6) : cuvette, toit de cabine et local des machines (propreté, éclairage) ; poulie de traction ; limiteurs de vitesse et poulie de tension ; parachute et dispositifs antichute ; dispositifs hors course de sécurité ; pompe à main ou soupape de descente à commande manuelle. SIX SEMAINES (9) : cabine ; verrouillages et contacts de fermeture des baies palières ; dispositif anti-vandalisme des baies palières ; verrouillages et contacts de fermeture de la porte de cabine ; efficacité du dispositif de réouverture ; précision d'arrêt et de nivelage au palier ; moyens d'alerte et de communication avec le service d'intervention ; commandes et indicateurs aux paliers ; cuve hydraulique (niveau, fuites). Les trois colonnes sont désormais portées, la dernière depuis l'ajout de la valeur `six_semaines` (42 jours) à l'énumération et à l'enum Postgres le 2026-08-26. Le tableau a été relevé sur capture d'écran le 2026-08-26 : sa conversion en texte perd la position des croix et l'avait rendu illisible à quatre reprises.","Annexe, trois colonnes : « INTERVALLE maximum de six semaines » / « FRÉQUENCE minimale semestrielle » / « FRÉQUENCE minimale annuelle ». « Nota. - Pour les lignes non cochées, la fréquence est laissée à l'appréciation des contractants. »",,
ascenseur-examen-semestriel-secours,ascenseur,Examen semestriel du bon état des câbles (ascenseur),semestrielle,personne_qualifiee,5,tout employeur · ERP · IGH · habitation,,fondement,CCH,"CCH, art. R. 134-6 (examen semestriel du bon état des câbles)",CCH R. 134-6,https://www.legifrance.gouv.fr/codes/article_lc/LEGIARTI000043818737/,,cch-ascenseurs,retenu,agent (verbatim non recoupé),2026-08-26,2026-04-01,,,,SANS_VERBATIM VERSION_JAMAIS_CONSTATEE
ascenseur-examen-semestriel-secours,ascenseur,Examen semestriel du bon état des câbles (ascenseur),semestrielle,personne_qualifiee,5,tout employeur · ERP · IGH · habitation,,contexte 1,ARRETE,"Arrêté du 18 novembre 2004 (entretien), annexe — opérations semestrielles",Arrêté 2004-11-18,https://www.legifrance.gouv.fr/loda/id/JORFTEXT000000254219,2026-04-01,arretes-ascenseurs,retenu,première main,2026-08-26,2026-04-01,"Dix-huit lignes cochées sur les trente-six du tableau. SEMESTRIEL (3) : frein ; câbles ou chaînes de suspension et leurs extrémités ; dispositif antidérive. ANNUEL (6) : cuvette, toit de cabine et local des machines (propreté, éclairage) ; poulie de traction ; limiteurs de vitesse et poulie de tension ; parachute et dispositifs antichute ; dispositifs hors course de sécurité ; pompe à main ou soupape de descente à commande manuelle. SIX SEMAINES (9) : cabine ; verrouillages et contacts de fermeture des baies palières ; dispositif anti-vandalisme des baies palières ; verrouillages et contacts de fermeture de la porte de cabine ; efficacité du dispositif de réouverture ; précision d'arrêt et de nivelage au palier ; moyens d'alerte et de communication avec le service d'intervention ; commandes et indicateurs aux paliers ; cuve hydraulique (niveau, fuites). Les trois colonnes sont désormais portées, la dernière depuis l'ajout de la valeur `six_semaines` (42 jours) à l'énumération et à l'enum Postgres le 2026-08-26. Le tableau a été relevé sur capture d'écran le 2026-08-26 : sa conversion en texte perd la position des croix et l'avait rendu illisible à quatre reprises.","Annexe, trois colonnes : « INTERVALLE maximum de six semaines » / « FRÉQUENCE minimale semestrielle » / « FRÉQUENCE minimale annuelle ». « Nota. - Pour les lignes non cochées, la fréquence est laissée à l'appréciation des contractants. »",,
ascenseur-examen-annuel-securite,ascenseur,Examen annuel des dispositifs de sécurité (ascenseur),annuelle,personne_qualifiee,5,tout employeur · ERP · IGH · habitation,,fondement,ARRETE,"Arrêté du 18 novembre 2004 (entretien), annexe — opérations annuelles",Arrêté 2004-11-18,https://www.legifrance.gouv.fr/loda/id/JORFTEXT000000254219,2026-04-01,arretes-ascenseurs,retenu,première main,2026-08-26,2026-04-01,"Dix-huit lignes cochées sur les trente-six du tableau. SEMESTRIEL (3) : frein ; câbles ou chaînes de suspension et leurs extrémités ; dispositif antidérive. ANNUEL (6) : cuvette, toit de cabine et local des machines (propreté, éclairage) ; poulie de traction ; limiteurs de vitesse et poulie de tension ; parachute et dispositifs antichute ; dispositifs hors course de sécurité ; pompe à main ou soupape de descente à commande manuelle. SIX SEMAINES (9) : cabine ; verrouillages et contacts de fermeture des baies palières ; dispositif anti-vandalisme des baies palières ; verrouillages et contacts de fermeture de la porte de cabine ; efficacité du dispositif de réouverture ; précision d'arrêt et de nivelage au palier ; moyens d'alerte et de communication avec le service d'intervention ; commandes et indicateurs aux paliers ; cuve hydraulique (niveau, fuites). Les trois colonnes sont désormais portées, la dernière depuis l'ajout de la valeur `six_semaines` (42 jours) à l'énumération et à l'enum Postgres le 2026-08-26. Le tableau a été relevé sur capture d'écran le 2026-08-26 : sa conversion en texte perd la position des croix et l'avait rendu illisible à quatre reprises.","Annexe, trois colonnes : « INTERVALLE maximum de six semaines » / « FRÉQUENCE minimale semestrielle » / « FRÉQUENCE minimale annuelle ». « Nota. - Pour les lignes non cochées, la fréquence est laissée à l'appréciation des contractants. »",,
ascenseur-examen-annuel-securite,ascenseur,Examen annuel des dispositifs de sécurité (ascenseur),annuelle,personne_qualifiee,5,tout employeur · ERP · IGH · habitation,,contexte 1,CCH,"CCH, art. R. 134-6 (vérification annuelle des parachutes)",CCH R. 134-6,https://www.legifrance.gouv.fr/codes/article_lc/LEGIARTI000043818737/,,cch-ascenseurs,retenu,agent (verbatim non recoupé),2026-08-26,2026-04-01,,,,SANS_VERBATIM VERSION_JAMAIS_CONSTATEE
ascenseur-controle-technique-quinquennal,ascenseur,Contrôle technique quinquennal (ascenseur),quinquennale,bureau_controle ou personne_qualifiee,5,tout employeur · ERP · IGH · habitation,,fondement,CCH,"CCH, art. R. 134-11 à R. 134-13 (ex R. 125-2-4 et s.)",CCH R. 134-11,https://www.legifrance.gouv.fr/codes/article_lc/LEGIARTI000043818747/,,cch-ascenseurs,retenu,agent (verbatim non recoupé),2026-08-26,2026-05-15,,,,SANS_VERBATIM VERSION_JAMAIS_CONSTATEE
ascenseur-controle-technique-quinquennal,ascenseur,Contrôle technique quinquennal (ascenseur),quinquennale,bureau_controle ou personne_qualifiee,5,tout employeur · ERP · IGH · habitation,,contexte 1,ARRETE,Arrêté du 7 août 2012 relatif aux contrôles techniques à réaliser dans les installations d'ascenseurs,Arrêté 2012-08-07,https://www.legifrance.gouv.fr/loda/id/JORFTEXT000026286347,,arretes-ascenseurs,retenu,agent (verbatim non recoupé),2026-08-26,2026-05-15,,,,SANS_VERBATIM VERSION_JAMAIS_CONSTATEE
ascenseur-carnet-entretien,ascenseur,Tenue du carnet d'entretien de l'ascenseur,autre,exploitant,3,tout employeur · ERP · IGH · habitation,,fondement,CCH,"CCH, art. R. 134-7 et R. 134-10 (carnet d'entretien)",CCH R. 134-10,https://www.legifrance.gouv.fr/codes/id/LEGISCTA000043818735/,,cch-ascenseurs,retenu,agent (verbatim non recoupé),2026-08-26,2021-07-01,,,,SANS_VERBATIM VERSION_JAMAIS_CONSTATEE
ascenseur-telealarme-liaison,ascenseur,Liaison permanente avec un service d'intervention (téléalarme ascenseur),autre,exploitant,5,tout employeur · ERP · IGH · habitation,,fondement,CCH,"CCH, art. R. 134-1 à R. 134-5 (dispositifs de sécurité, dont demande de secours)",CCH R. 134-1,https://www.legifrance.gouv.fr/codes/section_lc/LEGITEXT000006074096/LEGISCTA000043818721/,,cch-ascenseurs,retenu,agent (verbatim non recoupé),2026-08-26,2021-07-01,,,,SANS_VERBATIM VERSION_JAMAIS_CONSTATEE
porte-auto-verification-initiale,porte_portail,Examen de sécurité à la mise en service (porte automatique),mise_en_service_uniquement,personne_qualifiee ou organisme_agree,5,tout employeur,,fondement,ARRETE,"Arrêté du 21 décembre 1993 (portes et portails automatiques), art. 2 à 4 (installations neuves)",Arrêté 1993-12-21 art. 2,https://www.legifrance.gouv.fr/loda/id/LEGITEXT000006082855,,arrete-1993-12-21-portes,retenu,agent (verbatim non recoupé),2026-08-26,1994-07-13,,,,SANS_VERBATIM VERSION_JAMAIS_CONSTATEE
porte-auto-verification-initiale,porte_portail,Examen de sécurité à la mise en service (porte automatique),mise_en_service_uniquement,personne_qualifiee ou organisme_agree,5,tout employeur,,contexte 1,CODE_TRAVAIL,R. 4224-13,R. 4224-13,https://www.legifrance.gouv.fr/codes/article_lc/LEGIARTI000018532211/,,code-travail-portes,retenu,agent (verbatim non recoupé),2026-08-26,2008-05-01,,,,SANS_VERBATIM VERSION_JAMAIS_CONSTATEE
porte-auto-verification-semestrielle,porte_portail,Vérification semestrielle du bon fonctionnement (porte automatique),semestrielle,personne_qualifiee,4,tout employeur,,fondement,ARRETE,"Arrêté du 21 décembre 1993 (portes et portails automatiques), art. 9",Arrêté 1993-12-21 art. 9,https://www.legifrance.gouv.fr/loda/article_lc/LEGIARTI000006679563,,arrete-1993-12-21-portes,retenu,agent (verbatim non recoupé),2026-08-26,2008-05-01,,,,SANS_VERBATIM VERSION_JAMAIS_CONSTATEE
porte-auto-dossier-maintenance,porte_portail,Tenue du dossier de maintenance (porte automatique),autre,exploitant,3,tout employeur,,fondement,ARRETE,"Arrêté du 21 décembre 1993 (portes et portails automatiques), art. 8 et 9 (livret d'entretien)",Arrêté 1993-12-21 art. 9,https://www.legifrance.gouv.fr/loda/article_lc/LEGIARTI000006679563,,arrete-1993-12-21-portes,retenu,agent (verbatim non recoupé),2026-08-26,2008-05-01,,,,SANS_VERBATIM VERSION_JAMAIS_CONSTATEE
porte-auto-dossier-maintenance,porte_portail,Tenue du dossier de maintenance (porte automatique),autre,exploitant,3,tout employeur,,contexte 1,CODE_TRAVAIL,R. 4224-17,R. 4224-17,https://www.legifrance.gouv.fr/codes/article_lc/LEGIARTI000018532197/,,code-travail-portes,retenu,agent (verbatim non recoupé),2026-08-26,2008-05-01,,,,SANS_VERBATIM VERSION_JAMAIS_CONSTATEE
porte-auto-maintien-en-etat,porte_portail,Maintien en état et réparation sans délai (porte automatique),autre,exploitant,5,tout employeur,,fondement,CODE_TRAVAIL,R. 4224-12 et R. 4224-13,R. 4224-13,https://www.legifrance.gouv.fr/codes/article_lc/LEGIARTI000018532211/,,code-travail-portes,retenu,agent (verbatim non recoupé),2026-08-26,2008-05-01,,,,SANS_VERBATIM VERSION_JAMAIS_CONSTATEE
porte-auto-maintien-en-etat,porte_portail,Maintien en état et réparation sans délai (porte automatique),autre,exploitant,5,tout employeur,,contexte 1,CODE_TRAVAIL,R. 4224-17,R. 4224-17,https://www.legifrance.gouv.fr/codes/article_lc/LEGIARTI000018532197/,,code-travail-portes,retenu,agent (verbatim non recoupé),2026-08-26,2008-05-01,,,,SANS_VERBATIM VERSION_JAMAIS_CONSTATEE
porte-auto-portail-piete-coulissant,porte_portail,Sécurité positive et détection d'obstacle (portail motorisé de véhicules),mise_en_service_uniquement,personne_qualifiee,4,tout employeur,,fondement,ARRETE,"Arrêté du 21 décembre 1993 (portes et portails automatiques), art. 2 et 5 (passages de véhicules)",Arrêté 1993-12-21 art. 2,https://www.legifrance.gouv.fr/loda/id/LEGITEXT000006082855,,arrete-1993-12-21-portes,retenu,agent (verbatim non recoupé),2026-08-26,1994-07-13,,,,SANS_VERBATIM VERSION_JAMAIS_CONSTATEE
esp-declaration-mise-en-service,equipement_sous_pression,Déclaration et contrôle de mise en service (équipement sous pression),mise_en_service_uniquement,exploitant ou personne_competente ou organisme_agree,5,tout employeur,EQUIPEMENT_SOUS_PRESSION.estSoumisSuiviEnService ≠ false (sauf si),fondement,ARRETE,"Arrêté du 20 novembre 2017 (suivi en service des ESP), art. 7 à 11",Arrêté 2017-11-20 art. 7-11,https://www.legifrance.gouv.fr/loda/id/JORFTEXT000036128632,,esp-suivi-en-service,retenu,agent (verbatim non recoupé),2026-08-26,2018-01-01,,,,SANS_VERBATIM VERSION_JAMAIS_CONSTATEE
esp-declaration-mise-en-service,equipement_sous_pression,Déclaration et contrôle de mise en service (équipement sous pression),mise_en_service_uniquement,exploitant ou personne_competente ou organisme_agree,5,tout employeur,EQUIPEMENT_SOUS_PRESSION.estSoumisSuiviEnService ≠ false (sauf si),contexte 1,CODE_ENVIRONNEMENT,R. 557-14-1 et s. (suivi en service),C. env. R. 557-14-1,https://www.legifrance.gouv.fr/codes/section_lc/LEGITEXT000006074220/LEGISCTA000030833481/,,esp-suivi-en-service,retenu,agent (verbatim non recoupé),2026-08-26,2016-12-31,,,,SANS_VERBATIM VERSION_JAMAIS_CONSTATEE
esp-inspection-periodique,equipement_sous_pression,Inspection périodique (équipement sous pression),triennale,personne_competente ou organisme_agree,5,tout employeur,EQUIPEMENT_SOUS_PRESSION.estSoumisSuiviEnService ≠ false (sauf si),fondement,ARRETE,"Arrêté du 20 novembre 2017 (suivi en service des ESP), art. 15",Arrêté 2017-11-20 art. 15,https://www.legifrance.gouv.fr/loda/id/JORFTEXT000036128632,,esp-suivi-en-service,retenu,agent (verbatim non recoupé),2026-08-26,2018-01-01,"STRUCTURE MAL RENDUE, relevée le 2026-08-27. L'article porte plusieurs régimes, tous en « au maximum » et non en échéance fixe : 1 an (bouteilles de plongée, récipients mobiles non métalliques), 4 ans dérogatoire après essai de vieillissement, 2 ans (générateurs de vapeur, appareils à couvercle amovible à fermeture rapide), 4 ans pour tous les autres hors tuyauteries, 3 ans pour la PREMIÈRE inspection, 40 mois en transitoire. S'y ajoutent une vérification avant chaque remplissage des récipients mobiles et un programme de contrôle propre aux tuyauteries. Le référentiel encode `triennale` : or le 3 ans n'est ni le régime général ni récurrent, c'est le plafond du premier cycle.",,,SANS_VERBATIM VERSION_JAMAIS_CONSTATEE
esp-requalification-decennale,equipement_sous_pression,Requalification périodique (équipement sous pression),decennale,organisme_agree,5,tout employeur,EQUIPEMENT_SOUS_PRESSION.estSoumisSuiviEnService ≠ false (sauf si),fondement,ARRETE,"Arrêté du 20 novembre 2017 (suivi en service des ESP), art. 18 et 19",Arrêté 2017-11-20 art. 18-19,https://www.legifrance.gouv.fr/loda/id/JORFTEXT000036128632,,esp-suivi-en-service,retenu,agent (verbatim non recoupé),2026-08-26,2018-01-01,,,,SANS_VERBATIM VERSION_JAMAIS_CONSTATEE
esp-dossier-suivi,equipement_sous_pression,Tenue du dossier de suivi (équipement sous pression),autre,exploitant,3,tout employeur,EQUIPEMENT_SOUS_PRESSION.estSoumisSuiviEnService ≠ false (sauf si),fondement,ARRETE,"Arrêté du 20 novembre 2017 (suivi en service des ESP), art. 6 (dossier d'exploitation)",Arrêté 2017-11-20 art. 6,https://www.legifrance.gouv.fr/loda/id/JORFTEXT000036128632,,esp-suivi-en-service,retenu,agent (verbatim non recoupé),2026-08-26,2018-01-01,,,,SANS_VERBATIM VERSION_JAMAIS_CONSTATEE
esp-intervention-reparation,equipement_sous_pression,Contrôle après intervention notable (équipement sous pression),mise_en_service_uniquement,organisme_agree,5,tout employeur,EQUIPEMENT_SOUS_PRESSION.estSoumisSuiviEnService ≠ false (sauf si),fondement,ARRETE,"Arrêté du 20 novembre 2017 (suivi en service des ESP), art. 26 à 28",Arrêté 2017-11-20 art. 26-28,https://www.legifrance.gouv.fr/loda/id/JORFTEXT000036128632,,esp-suivi-en-service,retenu,agent (verbatim non recoupé),2026-08-26,2025-09-08,,,,SANS_VERBATIM VERSION_JAMAIS_CONSTATEE
esp-personnel-formation,equipement_sous_pression,Formation et information des opérateurs (équipement sous pression),autre,exploitant,3,tout employeur,,fondement,CODE_TRAVAIL,R. 4323-1 à R. 4323-5 (information et formation à l'utilisation des équipements de travail),R. 4323-1,https://www.legifrance.gouv.fr/codes/section_lc/LEGITEXT000006072050/LEGISCTA000018489707/,,code-travail-risque-chimique,retenu,agent (verbatim non recoupé),2026-08-26,2009-12-29,,,,SANS_VERBATIM VERSION_JAMAIS_CONSTATEE
stockage-dangereux-declaration-icpe,stockage_dangereux,Vérification du régime ICPE applicable (stockage matières dangereuses),autre,exploitant,4,tout employeur,,fondement,CODE_ENVIRONNEMENT,L. 512-8 (déclaration) · L. 512-7 (enregistrement) · L. 512-1 (autorisation),C. env. L. 512-1,https://www.legifrance.gouv.fr/codes/section_lc/LEGITEXT000006074220/LEGISCTA000006159273/,,icpe-stockage,retenu,agent (verbatim non recoupé),2026-08-26,2017-03-01,,,,SANS_VERBATIM VERSION_JAMAIS_CONSTATEE
stockage-dangereux-retention,stockage_dangereux,Capacité de rétention (stockage liquides dangereux),autre,exploitant,5,tout employeur,,fondement,CODE_TRAVAIL,R. 4412-11 (procédures de stockage sûres des agents chimiques dangereux),R. 4412-11,https://www.legifrance.gouv.fr/codes/article_lc/LEGIARTI000018530929/,,code-travail-risque-chimique,retenu,agent (verbatim non recoupé),2026-08-26,2008-05-01,,,,SANS_VERBATIM VERSION_JAMAIS_CONSTATEE
stockage-dangereux-retention,stockage_dangereux,Capacité de rétention (stockage liquides dangereux),autre,exploitant,5,tout employeur,,contexte 1,ARRETE,"Arrêté du 1er juin 2015 (rubriques 4331/4734, enregistrement), art. 22 — valeurs de rétention, opposables uniquement sous ce régime ICPE",Arrêté 2015-06-01 art. 22,https://www.legifrance.gouv.fr/codes/article_lc/LEGIARTI000044166790,,icpe-stockage,retenu,agent (verbatim non recoupé),2026-08-26,2022-01-01,,,,SANS_VERBATIM VERSION_JAMAIS_CONSTATEE
stockage-dangereux-retention,stockage_dangereux,Capacité de rétention (stockage liquides dangereux),autre,exploitant,5,tout employeur,,contexte 2,CODE_TRAVAIL,R. 4412-17 (prévention des débordements et ruptures de parois des récipients),R. 4412-17,https://www.legifrance.gouv.fr/codes/article_lc/LEGIARTI000018530917,2008-05-01,code-travail-risque-chimique,retenu,première main,2026-08-27,2008-05-01,"Seul article du Code du travail visant la rupture de parois d'un récipient de stockage. Le mot « rétention » n'apparaît NULLE PART dans le chapitre — il n'existe d'ailleurs pas de section « stockage » : la structure va du champ d'application à l'évaluation, puis aux mesures de prévention. R. 4412-17 est ce qui existe de plus proche, et il suffit. Ajouté le 2026-08-27 après qu'un arbitrage eut établi que R. 4412-11, seul cité jusque-là, ne porte ni « rétention » ni « étanchéité » — son 2° ne fonde que « des procédures d'entretien régulières ».","« Ces mesures portent, notamment, sur le stockage, la manutention et l'isolement des agents chimiques incompatibles. A cet effet, l'employeur prend les mesures appropriées pour empêcher : […] 2° Les risques de débordement ou d'éclaboussures, ainsi que de déversement par rupture des parois des cuves, bassins, réservoirs et récipients de toute nature contenant des produits susceptibles de provoquer des brûlures d'origine thermique ou chimique. »","« A cet effet, l'employeur prend les mesures appropriées pour empêcher : […] 2° Les risques de débordement ou d'éclaboussures, ainsi que de déversement par rupture des parois des cuves, bassins, réservoirs et récipients de toute nature contenant des produits susceptibles de provoquer des brûlures d'origine thermique ou chimique. » Verbatim relevé en première main le 2026-08-27. C'est le seul article du Code du travail qui vise la rupture de parois d'un récipient de stockage ; le mot « rétention » n'y figure pas, ni nulle part ailleurs dans le chapitre.",
stockage-dangereux-verification-etancheite,stockage_dangereux,"Vérification régulière de l'état du stockage (rétention, fuites)",autre,exploitant,4,tout employeur,,fondement,CODE_TRAVAIL,R. 4412-11 (entretien régulier des équipements de stockage),R. 4412-11,https://www.legifrance.gouv.fr/codes/article_lc/LEGIARTI000018530929/,,code-travail-risque-chimique,retenu,agent (verbatim non recoupé),2026-08-26,2008-05-01,,,,SANS_VERBATIM VERSION_JAMAIS_CONSTATEE
stockage-dangereux-verification-etancheite,stockage_dangereux,"Vérification régulière de l'état du stockage (rétention, fuites)",autre,exploitant,4,tout employeur,,contexte 1,CODE_TRAVAIL,R. 4412-17 (prévention des débordements et ruptures de parois des récipients),R. 4412-17,https://www.legifrance.gouv.fr/codes/article_lc/LEGIARTI000018530917,2008-05-01,code-travail-risque-chimique,retenu,première main,2026-08-27,2008-05-01,"Seul article du Code du travail visant la rupture de parois d'un récipient de stockage. Le mot « rétention » n'apparaît NULLE PART dans le chapitre — il n'existe d'ailleurs pas de section « stockage » : la structure va du champ d'application à l'évaluation, puis aux mesures de prévention. R. 4412-17 est ce qui existe de plus proche, et il suffit. Ajouté le 2026-08-27 après qu'un arbitrage eut établi que R. 4412-11, seul cité jusque-là, ne porte ni « rétention » ni « étanchéité » — son 2° ne fonde que « des procédures d'entretien régulières ».","« Ces mesures portent, notamment, sur le stockage, la manutention et l'isolement des agents chimiques incompatibles. A cet effet, l'employeur prend les mesures appropriées pour empêcher : […] 2° Les risques de débordement ou d'éclaboussures, ainsi que de déversement par rupture des parois des cuves, bassins, réservoirs et récipients de toute nature contenant des produits susceptibles de provoquer des brûlures d'origine thermique ou chimique. »","« A cet effet, l'employeur prend les mesures appropriées pour empêcher : […] 2° Les risques de débordement ou d'éclaboussures, ainsi que de déversement par rupture des parois des cuves, bassins, réservoirs et récipients de toute nature contenant des produits susceptibles de provoquer des brûlures d'origine thermique ou chimique. » Verbatim relevé en première main le 2026-08-27. C'est le seul article du Code du travail qui vise la rupture de parois d'un récipient de stockage ; le mot « rétention » n'y figure pas, ni nulle part ailleurs dans le chapitre.",
stockage-dangereux-ventilation-locaux,stockage_dangereux,Ventilation des locaux de stockage et contrôle annuel,annuelle,personne_qualifiee,4,tout employeur,,fondement,CODE_TRAVAIL,R. 4222-20,R. 4222-20,https://www.legifrance.gouv.fr/codes/article_lc/LEGIARTI000018532294/,,code-travail-risque-chimique,obligation_manquante,première main,2026-08-26,2008-05-01,,,,FONDEMENT_NON_RETENU:obligation_manquante VERSION_JAMAIS_CONSTATEE
stockage-dangereux-ventilation-locaux,stockage_dangereux,Ventilation des locaux de stockage et contrôle annuel,annuelle,personne_qualifiee,4,tout employeur,,contexte 1,ARRETE,"Arrêté du 8 octobre 1987, art. 4 (locaux à pollution spécifique)",Arrêté 1987-10-08 art. 4,https://www.legifrance.gouv.fr/loda/article_lc/LEGIARTI000006678611,,arrete-1987-10-08-aeration,retenu,agent (verbatim non recoupé),2026-08-26,1988-04-01,"RYTHME NON PORTÉ, relevé le 2026-08-27. Le b) impose « au minimum tous les six mois lorsqu'il existe un système de recyclage » le contrôle de la concentration en poussières ou autres polluants dans les gaines de recyclage, et de tous les systèmes de surveillance. Il S'AJOUTE à l'annuel du a) et porte sur des objets DIFFÉRENTS — l'un les débits et l'état, l'autre les concentrations. Non encodé : la présence d'un système de recyclage est un attribut d'équipement que le modèle n'a pas.",,,SANS_VERBATIM VERSION_JAMAIS_CONSTATEE
stockage-dangereux-fiches-donnees,stockage_dangereux,Fiches de données de sécurité à jour et accessibles,autre,exploitant,3,tout employeur,,fondement,CODE_TRAVAIL,R. 4412-38 (accès des travailleurs aux fiches de données de sécurité),R. 4412-38,https://www.legifrance.gouv.fr/codes/article_lc/LEGIARTI000036483735/,,code-travail-risque-chimique,retenu,agent (verbatim non recoupé),2026-08-26,2018-01-01,,,,SANS_VERBATIM VERSION_JAMAIS_CONSTATEE
stockage-dangereux-formation-personnel,stockage_dangereux,Formation du personnel manipulant des matières dangereuses,autre,exploitant,3,tout employeur,,fondement,CODE_TRAVAIL,R. 4412-38 (agents chimiques dangereux),R. 4412-38,https://www.legifrance.gouv.fr/codes/article_lc/LEGIARTI000036483735/,,code-travail-risque-chimique,retenu,agent (verbatim non recoupé),2026-08-26,2018-01-01,,,,SANS_VERBATIM VERSION_JAMAIS_CONSTATEE
stockage-dangereux-formation-personnel,stockage_dangereux,Formation du personnel manipulant des matières dangereuses,autre,exploitant,3,tout employeur,,contexte 1,CODE_TRAVAIL,R. 4412-87 (agents CMR uniquement),R. 4412-87,https://www.legifrance.gouv.fr/codes/article_lc/LEGIARTI000036483731/,,code-travail-risque-chimique,retenu,agent (verbatim non recoupé),2026-08-26,2018-01-01,,,,SANS_VERBATIM VERSION_JAMAIS_CONSTATEE
levage-examen-adequation-mise-en-service,levage,Examen d'adéquation à la mise en service (équipement de levage),mise_en_service_uniquement,personne_qualifiee,5,tout employeur,,fondement,ARRETE,"Arrêté du 1er mars 2004, art. 5 (examen d'adéquation et de montage) et art. 12 à 15",Arrêté 2004-03-01 art. 5,https://www.legifrance.gouv.fr/loda/id/JORFTEXT000000439029,,arrete-2004-03-01-levage,retenu,agent (verbatim non recoupé),2026-08-26,2005-03-31,,,,SANS_VERBATIM VERSION_JAMAIS_CONSTATEE
levage-examen-adequation-mise-en-service,levage,Examen d'adéquation à la mise en service (équipement de levage),mise_en_service_uniquement,personne_qualifiee,5,tout employeur,,contexte 1,CODE_TRAVAIL,R. 4323-22,R. 4323-22,https://www.legifrance.gouv.fr/codes/article_lc/LEGIARTI000018531483/,,code-travail-levage,retenu,agent (verbatim non recoupé),2026-08-26,2008-05-01,,,,SANS_VERBATIM VERSION_JAMAIS_CONSTATEE
levage-epreuve-initiale-fonctionnement,levage,Épreuve de fonctionnement à la première mise en service,mise_en_service_uniquement,personne_qualifiee,5,tout employeur,,fondement,ARRETE,"Arrêté du 1er mars 2004, art. 14 (vérification à la mise en service), renvoyant aux art. 5, 10 et 11",Arrêté 2004-03-01 art. 14,https://www.legifrance.gouv.fr/loda/id/JORFTEXT000000439029,2005-03-31,arrete-2004-03-01-levage,retenu,première main,2026-08-26,2005-03-31,"Exige, avant mise en service des appareils neufs ou d'occasion dont l'aptitude à l'emploi n'a PAS été vérifiée dans leurs configurations d'utilisation : examen d'adéquation, examen de montage si installé à demeure, épreuve statique et épreuve dynamique. Les articles 6, 10 et 11 DÉFINISSENT ces épreuves ; seul l'article 14 les EXIGE. L'exception du d) était encodée à l'envers dans le référentiel avant le 2026-08-26.",« d) De l'épreuve dynamique prévue par l'article 11. Cette épreuve n'est pas exigée pour les appareils de levage mus par la force humaine employée directement sauf s'ils sont conçus pour lever des personnes. »,« d) De l'épreuve dynamique prévue par l'article 11. Cette épreuve n'est pas exigée pour les appareils de levage mus par la force humaine employée directement sauf s'ils sont conçus pour lever des personnes. » Verbatim relevé en première main le 2026-08-26.,
levage-epreuve-initiale-fonctionnement,levage,Épreuve de fonctionnement à la première mise en service,mise_en_service_uniquement,personne_qualifiee,5,tout employeur,,contexte 1,CODE_TRAVAIL,R. 4323-22,R. 4323-22,https://www.legifrance.gouv.fr/codes/article_lc/LEGIARTI000018531483/,,code-travail-levage,retenu,agent (verbatim non recoupé),2026-08-26,2008-05-01,,,,SANS_VERBATIM VERSION_JAMAIS_CONSTATEE
levage-vgp-annuelle-charges,levage,Vérification générale périodique annuelle (levage de charges),annuelle,personne_qualifiee ou organisme_agree,5,tout employeur,EQUIPEMENT_LEVAGE.estChariotOuGerbeur ≠ true (sauf si),fondement,CODE_TRAVAIL,R. 4323-23 et R. 4323-24,R. 4323-23,https://www.legifrance.gouv.fr/codes/article_lc/LEGIARTI000018531479/,,code-travail-levage,retenu,agent (verbatim non recoupé),2026-08-26,2008-05-01,,,,SANS_VERBATIM VERSION_JAMAIS_CONSTATEE
levage-vgp-annuelle-charges,levage,Vérification générale périodique annuelle (levage de charges),annuelle,personne_qualifiee ou organisme_agree,5,tout employeur,EQUIPEMENT_LEVAGE.estChariotOuGerbeur ≠ true (sauf si),contexte 1,ARRETE,"Arrêté du 1er mars 2004, art. 23 (périodicité de 12 mois)",Arrêté 2004-03-01 art. 23,https://www.legifrance.gouv.fr/loda/article_lc/LEGIARTI000006680469,,arrete-2004-03-01-levage,retenu,première main,2026-08-26,2005-03-31,,,,SANS_VERBATIM VERSION_JAMAIS_CONSTATEE
levage-vgp-semestrielle-chariot-gerbeur,levage,"Vérification générale périodique semestrielle (chariot élévateur, gerbeur)",semestrielle,personne_qualifiee ou organisme_agree,5,tout employeur,EQUIPEMENT_LEVAGE.estChariotOuGerbeur = true (seulement si),fondement,ARRETE,"Arrêté du 1er mars 2004, art. 23 a)",Arrêté 2004-03-01 art. 23,https://www.legifrance.gouv.fr/loda/article_lc/LEGIARTI000006680469,,arrete-2004-03-01-levage,retenu,première main,2026-08-26,2005-03-31,,,"« Toutefois, cette périodicité est de : a) Six mois pour les appareils de levage ci-après : - appareils de levage listés aux II et III de l'article 20 […] ».",SANS_VERBATIM VERSION_JAMAIS_CONSTATEE
levage-vgp-semestrielle-chariot-gerbeur,levage,"Vérification générale périodique semestrielle (chariot élévateur, gerbeur)",semestrielle,personne_qualifiee ou organisme_agree,5,tout employeur,EQUIPEMENT_LEVAGE.estChariotOuGerbeur = true (seulement si),contexte 1,CODE_TRAVAIL,R. 4323-23,R. 4323-23,https://www.legifrance.gouv.fr/codes/article_lc/LEGIARTI000018531479,,code-travail-levage,retenu,agent (verbatim non recoupé),2026-08-26,2008-05-01,,,,SANS_VERBATIM VERSION_JAMAIS_CONSTATEE
levage-vgp-semestrielle-chariot-gerbeur,levage,"Vérification générale périodique semestrielle (chariot élévateur, gerbeur)",semestrielle,personne_qualifiee ou organisme_agree,5,tout employeur,EQUIPEMENT_LEVAGE.estChariotOuGerbeur = true (seulement si),contexte 2,ARRETE,"Arrêté du 1er mars 2004, art. 20-II",Arrêté 2004-03-01 art. 20,https://www.legifrance.gouv.fr/loda/article_lc/LEGIARTI000006680466,,arrete-2004-03-01-levage,retenu,agent (verbatim non recoupé),2026-08-26,2005-03-31,,,Liste où figurent les « chariots élévateurs » et les « hayons élévateurs ».,SANS_VERBATIM VERSION_JAMAIS_CONSTATEE
levage-vgp-semestrielle-chariot-gerbeur,levage,"Vérification générale périodique semestrielle (chariot élévateur, gerbeur)",semestrielle,personne_qualifiee ou organisme_agree,5,tout employeur,EQUIPEMENT_LEVAGE.estChariotOuGerbeur = true (seulement si),contexte 3,ARRETE,"Arrêté du 1er mars 2004, annexe",Arrêté 2004-03-01 annexe,https://www.legifrance.gouv.fr/loda/article_lc/LEGIARTI000023453892,,arrete-2004-03-01-levage,retenu,agent (verbatim non recoupé),2026-08-26,2011-01-09,,,"Version du 9 janvier 2011. Range « chariots automoteurs élévateurs à conducteur porté ou non, gerbeurs » dans une même famille — c'est par elle que le gerbeur rejoint les « chariots élévateurs » de l'article 20-II, le mot n'y figurant pas. La même annexe exclut les transpalettes à simple décollement de charge.",SANS_VERBATIM VERSION_JAMAIS_CONSTATEE
levage-vgp-trimestrielle-force-humaine,levage,Vérification générale trimestrielle (appareil manuel élevant un poste de travail),trimestrielle,personne_qualifiee ou organisme_agree,5,tout employeur,EQUIPEMENT_LEVAGE.estMuParForceHumaine = true (seulement si) ET EQUIPEMENT_LEVAGE.sertAuLevageDePersonnes ≠ false (sauf si),fondement,ARRETE,"Arrêté du 1er mars 2004, art. 23 b) (périodicité de 3 mois)",Arrêté 2004-03-01 art. 23,https://www.legifrance.gouv.fr/loda/article_lc/LEGIARTI000006680469,2005-03-31,arrete-2004-03-01-levage,retenu,première main,2026-08-26,2005-03-31,,,"« Toutefois, cette périodicité est de : […] b) Trois mois pour les appareils de levage, mus par la force humaine employée directement, utilisés pour déplacer en élévation un poste de travail. » Verbatim relevé le 2026-08-26.",CORPUS_NE_RENVOIE_PAS SANS_VERBATIM
levage-vgp-trimestrielle-force-humaine,levage,Vérification générale trimestrielle (appareil manuel élevant un poste de travail),trimestrielle,personne_qualifiee ou organisme_agree,5,tout employeur,EQUIPEMENT_LEVAGE.estMuParForceHumaine = true (seulement si) ET EQUIPEMENT_LEVAGE.sertAuLevageDePersonnes ≠ false (sauf si),contexte 1,CODE_TRAVAIL,R. 4323-23,R. 4323-23,https://www.legifrance.gouv.fr/codes/article_lc/LEGIARTI000018531479/,,code-travail-levage,retenu,agent (verbatim non recoupé),2026-08-26,2008-05-01,,,,CORPUS_NE_RENVOIE_PAS SANS_VERBATIM VERSION_JAMAIS_CONSTATEE
levage-vgp-semestrielle-personnes,levage,Vérification générale semestrielle (levage de personnes),semestrielle,personne_qualifiee ou organisme_agree,5,tout employeur,EQUIPEMENT_LEVAGE.sertAuLevageDePersonnes ≠ false (sauf si) ET EQUIPEMENT_LEVAGE.estMuParForceHumaine ≠ true (sauf si),fondement,ARRETE,"Arrêté du 1er mars 2004, art. 23 (périodicité de 6 mois pour les appareils servant au transport de personnes ou à l'élévation d'un poste de travail)",Arrêté 2004-03-01 art. 23,https://www.legifrance.gouv.fr/loda/article_lc/LEGIARTI000006680469,,arrete-2004-03-01-levage,retenu,première main,2026-08-26,2005-03-31,,,,SANS_VERBATIM VERSION_JAMAIS_CONSTATEE
levage-vgp-semestrielle-personnes,levage,Vérification générale semestrielle (levage de personnes),semestrielle,personne_qualifiee ou organisme_agree,5,tout employeur,EQUIPEMENT_LEVAGE.sertAuLevageDePersonnes ≠ false (sauf si) ET EQUIPEMENT_LEVAGE.estMuParForceHumaine ≠ true (sauf si),contexte 1,CODE_TRAVAIL,R. 4323-23,R. 4323-23,https://www.legifrance.gouv.fr/codes/article_lc/LEGIARTI000018531479/,,code-travail-levage,retenu,agent (verbatim non recoupé),2026-08-26,2008-05-01,,,,SANS_VERBATIM VERSION_JAMAIS_CONSTATEE
levage-vgp-accessoires-annuelle,levage,"Vérification périodique des accessoires de levage (élingues, crochets, anneaux)",annuelle,personne_qualifiee,4,tout employeur,EQUIPEMENT_LEVAGE.aAccessoiresDeLevage ≠ false (sauf si),fondement,ARRETE,"Arrêté du 1er mars 2004, art. 24 (vérification périodique des accessoires)",Arrêté 2004-03-01 art. 24,https://www.legifrance.gouv.fr/loda/id/JORFTEXT000000439029,,arrete-2004-03-01-levage,retenu,agent (verbatim non recoupé),2026-08-26,2008-05-01,,,,SANS_VERBATIM VERSION_JAMAIS_CONSTATEE
levage-vgp-accessoires-annuelle,levage,"Vérification périodique des accessoires de levage (élingues, crochets, anneaux)",annuelle,personne_qualifiee,4,tout employeur,EQUIPEMENT_LEVAGE.aAccessoiresDeLevage ≠ false (sauf si),contexte 1,CODE_TRAVAIL,R. 4323-23,R. 4323-23,https://www.legifrance.gouv.fr/codes/article_lc/LEGIARTI000018531479/,,code-travail-levage,retenu,agent (verbatim non recoupé),2026-08-26,2008-05-01,,,,SANS_VERBATIM VERSION_JAMAIS_CONSTATEE
levage-examen-etat-conservation,levage,Examen de l'état de conservation (équipement de levage en service),annuelle,personne_qualifiee,5,tout employeur,,fondement,ARRETE,"Arrêté du 1er mars 2004, art. 9 (examen de l'état de conservation) et art. 22",Arrêté 2004-03-01 art. 9,https://www.legifrance.gouv.fr/loda/id/JORFTEXT000000439029,,arrete-2004-03-01-levage,retenu,agent (verbatim non recoupé),2026-08-26,2005-03-31,,,,SANS_VERBATIM VERSION_JAMAIS_CONSTATEE
levage-examen-etat-conservation,levage,Examen de l'état de conservation (équipement de levage en service),annuelle,personne_qualifiee,5,tout employeur,,contexte 1,CODE_TRAVAIL,R. 4323-23,R. 4323-23,https://www.legifrance.gouv.fr/codes/article_lc/LEGIARTI000018531479/,,code-travail-levage,retenu,agent (verbatim non recoupé),2026-08-26,2008-05-01,,,,SANS_VERBATIM VERSION_JAMAIS_CONSTATEE
levage-remise-en-service-apres-reparation,levage,Examen approfondi à la remise en service (après réparation notable),mise_en_service_uniquement,personne_qualifiee,5,tout employeur,,fondement,CODE_TRAVAIL,R. 4323-28,R. 4323-28,https://www.legifrance.gouv.fr/codes/article_lc/LEGIARTI000018531467/,,code-travail-levage,retenu,agent (verbatim non recoupé),2026-08-26,2008-05-01,,,,SANS_VERBATIM VERSION_JAMAIS_CONSTATEE
levage-remise-en-service-apres-reparation,levage,Examen approfondi à la remise en service (après réparation notable),mise_en_service_uniquement,personne_qualifiee,5,tout employeur,,contexte 1,ARRETE,"Arrêté du 1er mars 2004, art. 18 à 21 (remise en service)",Arrêté 2004-03-01 art. 19,https://www.legifrance.gouv.fr/loda/id/JORFTEXT000000439029,,arrete-2004-03-01-levage,retenu,agent (verbatim non recoupé),2026-08-26,2008-05-01,,,,SANS_VERBATIM VERSION_JAMAIS_CONSTATEE
levage-registre-securite-consignation,levage,Tenue du registre de sécurité (vérifications levage),autre,exploitant,3,tout employeur,,fondement,CODE_TRAVAIL,R. 4323-25,R. 4323-25,https://www.legifrance.gouv.fr/codes/article_lc/LEGIARTI000018531475,,code-travail-levage,retenu,agent (verbatim non recoupé),2026-08-26,2008-05-01,,,Fonde la consignation : « Le résultat des vérifications générales périodiques est consigné sur le ou les registres de sécurité mentionnés à l'article L. 4711-5. »,SANS_VERBATIM VERSION_JAMAIS_CONSTATEE
levage-registre-securite-consignation,levage,Tenue du registre de sécurité (vérifications levage),autre,exploitant,3,tout employeur,,contexte 1,CODE_TRAVAIL,R. 4323-26,R. 4323-26,https://www.legifrance.gouv.fr/codes/article_lc/LEGIARTI000018531473,,code-travail-levage,retenu,agent (verbatim non recoupé),2026-08-26,2008-05-01,,,Annexion au registre des rapports établis par un vérificateur extérieur à l'établissement.,SANS_VERBATIM VERSION_JAMAIS_CONSTATEE
levage-registre-securite-consignation,levage,Tenue du registre de sécurité (vérifications levage),autre,exploitant,3,tout employeur,,contexte 2,CODE_TRAVAIL,R. 4323-27,R. 4323-27,https://www.legifrance.gouv.fr/codes/article_lc/LEGIARTI000018531471,,code-travail-levage,retenu,agent (verbatim non recoupé),2026-08-26,2008-05-01,,,"Autorise la tenue et la conservation du registre sur tout support, dans les conditions de l'article L. 8113-6 — c'est cet article qui fonde le registre numérique, et non L. 4711-5.",SANS_VERBATIM VERSION_JAMAIS_CONSTATEE
froid-controle-etancheite-mise-en-service,froid,Contrôle d'étanchéité à la mise en service (installation frigorifique),mise_en_service_uniquement,personne_qualifiee,4,tout employeur · ERP,INSTALLATION_FRIGORIFIQUE.estChargeSousSeuilControle ≠ true (sauf si) ET INSTALLATION_FRIGORIFIQUE.estHermetiquementScelleSousSeuil ≠ true (sauf si),fondement,CODE_ENVIRONNEMENT,"R. 543-79, al. 1",C. env. R. 543-79,https://www.legifrance.gouv.fr/codes/article_lc/LEGIARTI000031790640,,froid-fluides-frigorigenes,retenu,première main,2026-08-26,2025-01-01,"Impose au détenteur le contrôle d'étanchéité à la mise en service, son renouvellement périodique, et un constat écrit en cas de fuite. Renvoie encore au règlement (UE) n° 517/2014, abrogé.","« Le détenteur d'un équipement dont la charge en HCFC est supérieure à deux kilogrammes, ou dont la charge en HFC ou PFC est supérieure à cinq tonnes équivalent CO2 […] fait procéder, lors de la mise en service de cet équipement, à un contrôle d'étanchéité […] par un opérateur disposant de l'attestation de capacité prévue à l'article R. 543-99. Ce contrôle est ensuite périodiquement renouvelé dans les conditions définies par arrêté du ministre chargé de l'environnement. »","Contrôle d'étanchéité lors de la mise en service, par un opérateur disposant de l'attestation de capacité prévue à l'article R. 543-99. L'alinéa porte aussi le seuil national : charge en HCFC supérieure à 2 kg, ou charge en HFC ou PFC supérieure à 5 tonnes équivalent CO2.",VERSION_JAMAIS_CONSTATEE
froid-controle-etancheite-mise-en-service,froid,Contrôle d'étanchéité à la mise en service (installation frigorifique),mise_en_service_uniquement,personne_qualifiee,4,tout employeur · ERP,INSTALLATION_FRIGORIFIQUE.estChargeSousSeuilControle ≠ true (sauf si) ET INSTALLATION_FRIGORIFIQUE.estHermetiquementScelleSousSeuil ≠ true (sauf si),contexte 1,REGLEMENT_UE,"Règlement (UE) 2024/573, art. 5",Règlement UE 2024/573 art. 5,https://eur-lex.europa.eu/eli/reg/2024/573/oj/fra,,froid-fluides-frigorigenes,retenu,première main,2026-08-26,2024-02-20,Fixe les seuils et les exemptions du contrôle d'étanchéité. D'application directe : opposable sans transposition.,"Seuil de contrôle à 5 tonnes équivalent CO2 pour les équipements fixes ; exemption des équipements hermétiquement scellés contenant moins de 10 tonnes équivalent CO2 ; exemption des appareils de commutation électrique sous conditions de taux de fuite, de dispositif d'alerte ou de charge.","Contrôles d'étanchéité. Déclenchement à 5 t CO2e de gaz de l'annexe I ou 1 kg de gaz de l'annexe II section 1 ; dispense des équipements hermétiquement scellés étiquetés comme tels sous 10 t CO2e ou 2 kg. Abroge le règlement (UE) n° 517/2014 depuis le 11 mars 2024.",VERSION_JAMAIS_CONSTATEE
froid-controle-etancheite-annuel,froid,Contrôle d'étanchéité annuel (installation frigorifique),annuelle,personne_qualifiee,4,tout employeur · ERP,INSTALLATION_FRIGORIFIQUE.estChargeSousSeuilControle ≠ true (sauf si) ET INSTALLATION_FRIGORIFIQUE.estHermetiquementScelleSousSeuil ≠ true (sauf si) ET INSTALLATION_FRIGORIFIQUE.estChargeSuperieure500TCo2 ≠ true (sauf si) ET INSTALLATION_FRIGORIFIQUE.estChargeSuperieure50TCo2 ≠ true (sauf si) ET INSTALLATION_FRIGORIFIQUE.aDetectionDeFuites ≠ true (sauf si),fondement,REGLEMENT_UE,"Règlement (UE) 2024/573, art. 5",Règlement UE 2024/573 art. 5,https://eur-lex.europa.eu/eli/reg/2024/573/oj/fra,,froid-fluides-frigorigenes,retenu,première main,2026-08-26,2024-02-20,Fixe les seuils et les exemptions du contrôle d'étanchéité. D'application directe : opposable sans transposition.,"Seuil de contrôle à 5 tonnes équivalent CO2 pour les équipements fixes ; exemption des équipements hermétiquement scellés contenant moins de 10 tonnes équivalent CO2 ; exemption des appareils de commutation électrique sous conditions de taux de fuite, de dispositif d'alerte ou de charge.","Contrôles d'étanchéité. Déclenchement à 5 t CO2e de gaz de l'annexe I ou 1 kg de gaz de l'annexe II section 1 ; dispense des équipements hermétiquement scellés étiquetés comme tels sous 10 t CO2e ou 2 kg. Abroge le règlement (UE) n° 517/2014 depuis le 11 mars 2024.",VERSION_JAMAIS_CONSTATEE
froid-controle-etancheite-annuel,froid,Contrôle d'étanchéité annuel (installation frigorifique),annuelle,personne_qualifiee,4,tout employeur · ERP,INSTALLATION_FRIGORIFIQUE.estChargeSousSeuilControle ≠ true (sauf si) ET INSTALLATION_FRIGORIFIQUE.estHermetiquementScelleSousSeuil ≠ true (sauf si) ET INSTALLATION_FRIGORIFIQUE.estChargeSuperieure500TCo2 ≠ true (sauf si) ET INSTALLATION_FRIGORIFIQUE.estChargeSuperieure50TCo2 ≠ true (sauf si) ET INSTALLATION_FRIGORIFIQUE.aDetectionDeFuites ≠ true (sauf si),contexte 1,CODE_ENVIRONNEMENT,"R. 543-79, al. 2",C. env. R. 543-79,https://www.legifrance.gouv.fr/codes/article_lc/LEGIARTI000031790640,,froid-fluides-frigorigenes,retenu,première main,2026-08-26,2025-01-01,"Impose au détenteur le contrôle d'étanchéité à la mise en service, son renouvellement périodique, et un constat écrit en cas de fuite. Renvoie encore au règlement (UE) n° 517/2014, abrogé.","« Le détenteur d'un équipement dont la charge en HCFC est supérieure à deux kilogrammes, ou dont la charge en HFC ou PFC est supérieure à cinq tonnes équivalent CO2 […] fait procéder, lors de la mise en service de cet équipement, à un contrôle d'étanchéité […] par un opérateur disposant de l'attestation de capacité prévue à l'article R. 543-99. Ce contrôle est ensuite périodiquement renouvelé dans les conditions définies par arrêté du ministre chargé de l'environnement. »",« Ce contrôle est ensuite périodiquement renouvelé dans les conditions définies par arrêté du ministre chargé de l'environnement. Il est également renouvelé à chaque fois que des modifications ayant une incidence sur le circuit contenant les fluides frigorigènes sont apportées à l'équipement. »,VERSION_JAMAIS_CONSTATEE
froid-controle-etancheite-biennal-detection,froid,Contrôle d'étanchéité tous les deux ans (détection de fuites installée),biennale,personne_qualifiee,4,tout employeur · ERP,INSTALLATION_FRIGORIFIQUE.estChargeSousSeuilControle ≠ true (sauf si) ET INSTALLATION_FRIGORIFIQUE.estHermetiquementScelleSousSeuil ≠ true (sauf si) ET INSTALLATION_FRIGORIFIQUE.estChargeSuperieure500TCo2 ≠ true (sauf si) ET INSTALLATION_FRIGORIFIQUE.estChargeSuperieure50TCo2 ≠ true (sauf si) ET INSTALLATION_FRIGORIFIQUE.aDetectionDeFuites = true (seulement si),fondement,REGLEMENT_UE,"Règlement (UE) 2024/573, art. 5",Règlement UE 2024/573 art. 5,https://eur-lex.europa.eu/eli/reg/2024/573/oj/fra,,froid-fluides-frigorigenes,retenu,première main,2026-08-26,2024-02-20,Fixe les seuils et les exemptions du contrôle d'étanchéité. D'application directe : opposable sans transposition.,"Seuil de contrôle à 5 tonnes équivalent CO2 pour les équipements fixes ; exemption des équipements hermétiquement scellés contenant moins de 10 tonnes équivalent CO2 ; exemption des appareils de commutation électrique sous conditions de taux de fuite, de dispositif d'alerte ou de charge.","Contrôles d'étanchéité. Déclenchement à 5 t CO2e de gaz de l'annexe I ou 1 kg de gaz de l'annexe II section 1 ; dispense des équipements hermétiquement scellés étiquetés comme tels sous 10 t CO2e ou 2 kg. Abroge le règlement (UE) n° 517/2014 depuis le 11 mars 2024.",VERSION_JAMAIS_CONSTATEE
froid-controle-etancheite-biennal-detection,froid,Contrôle d'étanchéité tous les deux ans (détection de fuites installée),biennale,personne_qualifiee,4,tout employeur · ERP,INSTALLATION_FRIGORIFIQUE.estChargeSousSeuilControle ≠ true (sauf si) ET INSTALLATION_FRIGORIFIQUE.estHermetiquementScelleSousSeuil ≠ true (sauf si) ET INSTALLATION_FRIGORIFIQUE.estChargeSuperieure500TCo2 ≠ true (sauf si) ET INSTALLATION_FRIGORIFIQUE.estChargeSuperieure50TCo2 ≠ true (sauf si) ET INSTALLATION_FRIGORIFIQUE.aDetectionDeFuites = true (seulement si),contexte 1,CODE_ENVIRONNEMENT,"R. 543-79, al. 2",C. env. R. 543-79,https://www.legifrance.gouv.fr/codes/article_lc/LEGIARTI000031790640,,froid-fluides-frigorigenes,retenu,première main,2026-08-26,2025-01-01,"Impose au détenteur le contrôle d'étanchéité à la mise en service, son renouvellement périodique, et un constat écrit en cas de fuite. Renvoie encore au règlement (UE) n° 517/2014, abrogé.","« Le détenteur d'un équipement dont la charge en HCFC est supérieure à deux kilogrammes, ou dont la charge en HFC ou PFC est supérieure à cinq tonnes équivalent CO2 […] fait procéder, lors de la mise en service de cet équipement, à un contrôle d'étanchéité […] par un opérateur disposant de l'attestation de capacité prévue à l'article R. 543-99. Ce contrôle est ensuite périodiquement renouvelé dans les conditions définies par arrêté du ministre chargé de l'environnement. »",« Ce contrôle est ensuite périodiquement renouvelé dans les conditions définies par arrêté du ministre chargé de l'environnement. Il est également renouvelé à chaque fois que des modifications ayant une incidence sur le circuit contenant les fluides frigorigènes sont apportées à l'équipement. »,VERSION_JAMAIS_CONSTATEE
froid-controle-etancheite-semestriel-50t,froid,Contrôle d'étanchéité semestriel (charge supérieure à 50 t CO2e),semestrielle,personne_qualifiee,4,tout employeur · ERP,INSTALLATION_FRIGORIFIQUE.estChargeSousSeuilControle ≠ true (sauf si) ET INSTALLATION_FRIGORIFIQUE.estHermetiquementScelleSousSeuil ≠ true (sauf si) ET INSTALLATION_FRIGORIFIQUE.estChargeSuperieure500TCo2 ≠ true (sauf si) ET INSTALLATION_FRIGORIFIQUE.estChargeSuperieure50TCo2 = true (seulement si) ET INSTALLATION_FRIGORIFIQUE.aDetectionDeFuites ≠ true (sauf si),fondement,REGLEMENT_UE,"Règlement (UE) 2024/573, art. 5",Règlement UE 2024/573 art. 5,https://eur-lex.europa.eu/eli/reg/2024/573/oj/fra,,froid-fluides-frigorigenes,retenu,première main,2026-08-26,2024-02-20,Fixe les seuils et les exemptions du contrôle d'étanchéité. D'application directe : opposable sans transposition.,"Seuil de contrôle à 5 tonnes équivalent CO2 pour les équipements fixes ; exemption des équipements hermétiquement scellés contenant moins de 10 tonnes équivalent CO2 ; exemption des appareils de commutation électrique sous conditions de taux de fuite, de dispositif d'alerte ou de charge.","Contrôles d'étanchéité. Déclenchement à 5 t CO2e de gaz de l'annexe I ou 1 kg de gaz de l'annexe II section 1 ; dispense des équipements hermétiquement scellés étiquetés comme tels sous 10 t CO2e ou 2 kg. Abroge le règlement (UE) n° 517/2014 depuis le 11 mars 2024.",VERSION_JAMAIS_CONSTATEE
froid-controle-etancheite-semestriel-50t,froid,Contrôle d'étanchéité semestriel (charge supérieure à 50 t CO2e),semestrielle,personne_qualifiee,4,tout employeur · ERP,INSTALLATION_FRIGORIFIQUE.estChargeSousSeuilControle ≠ true (sauf si) ET INSTALLATION_FRIGORIFIQUE.estHermetiquementScelleSousSeuil ≠ true (sauf si) ET INSTALLATION_FRIGORIFIQUE.estChargeSuperieure500TCo2 ≠ true (sauf si) ET INSTALLATION_FRIGORIFIQUE.estChargeSuperieure50TCo2 = true (seulement si) ET INSTALLATION_FRIGORIFIQUE.aDetectionDeFuites ≠ true (sauf si),contexte 1,CODE_ENVIRONNEMENT,"R. 543-79, al. 2",C. env. R. 543-79,https://www.legifrance.gouv.fr/codes/article_lc/LEGIARTI000031790640,,froid-fluides-frigorigenes,retenu,première main,2026-08-26,2025-01-01,"Impose au détenteur le contrôle d'étanchéité à la mise en service, son renouvellement périodique, et un constat écrit en cas de fuite. Renvoie encore au règlement (UE) n° 517/2014, abrogé.","« Le détenteur d'un équipement dont la charge en HCFC est supérieure à deux kilogrammes, ou dont la charge en HFC ou PFC est supérieure à cinq tonnes équivalent CO2 […] fait procéder, lors de la mise en service de cet équipement, à un contrôle d'étanchéité […] par un opérateur disposant de l'attestation de capacité prévue à l'article R. 543-99. Ce contrôle est ensuite périodiquement renouvelé dans les conditions définies par arrêté du ministre chargé de l'environnement. »",« Ce contrôle est ensuite périodiquement renouvelé dans les conditions définies par arrêté du ministre chargé de l'environnement. Il est également renouvelé à chaque fois que des modifications ayant une incidence sur le circuit contenant les fluides frigorigènes sont apportées à l'équipement. »,VERSION_JAMAIS_CONSTATEE
froid-controle-etancheite-annuel-50t-detection,froid,"Contrôle d'étanchéité annuel (charge supérieure à 50 t CO2e, détection de fuites)",annuelle,personne_qualifiee,4,tout employeur · ERP,INSTALLATION_FRIGORIFIQUE.estChargeSousSeuilControle ≠ true (sauf si) ET INSTALLATION_FRIGORIFIQUE.estHermetiquementScelleSousSeuil ≠ true (sauf si) ET INSTALLATION_FRIGORIFIQUE.estChargeSuperieure500TCo2 ≠ true (sauf si) ET INSTALLATION_FRIGORIFIQUE.estChargeSuperieure50TCo2 = true (seulement si) ET INSTALLATION_FRIGORIFIQUE.aDetectionDeFuites = true (seulement si),fondement,REGLEMENT_UE,"Règlement (UE) 2024/573, art. 5",Règlement UE 2024/573 art. 5,https://eur-lex.europa.eu/eli/reg/2024/573/oj/fra,,froid-fluides-frigorigenes,retenu,première main,2026-08-26,2024-02-20,Fixe les seuils et les exemptions du contrôle d'étanchéité. D'application directe : opposable sans transposition.,"Seuil de contrôle à 5 tonnes équivalent CO2 pour les équipements fixes ; exemption des équipements hermétiquement scellés contenant moins de 10 tonnes équivalent CO2 ; exemption des appareils de commutation électrique sous conditions de taux de fuite, de dispositif d'alerte ou de charge.","Contrôles d'étanchéité. Déclenchement à 5 t CO2e de gaz de l'annexe I ou 1 kg de gaz de l'annexe II section 1 ; dispense des équipements hermétiquement scellés étiquetés comme tels sous 10 t CO2e ou 2 kg. Abroge le règlement (UE) n° 517/2014 depuis le 11 mars 2024.",VERSION_JAMAIS_CONSTATEE
froid-controle-etancheite-annuel-50t-detection,froid,"Contrôle d'étanchéité annuel (charge supérieure à 50 t CO2e, détection de fuites)",annuelle,personne_qualifiee,4,tout employeur · ERP,INSTALLATION_FRIGORIFIQUE.estChargeSousSeuilControle ≠ true (sauf si) ET INSTALLATION_FRIGORIFIQUE.estHermetiquementScelleSousSeuil ≠ true (sauf si) ET INSTALLATION_FRIGORIFIQUE.estChargeSuperieure500TCo2 ≠ true (sauf si) ET INSTALLATION_FRIGORIFIQUE.estChargeSuperieure50TCo2 = true (seulement si) ET INSTALLATION_FRIGORIFIQUE.aDetectionDeFuites = true (seulement si),contexte 1,CODE_ENVIRONNEMENT,"R. 543-79, al. 2",C. env. R. 543-79,https://www.legifrance.gouv.fr/codes/article_lc/LEGIARTI000031790640,,froid-fluides-frigorigenes,retenu,première main,2026-08-26,2025-01-01,"Impose au détenteur le contrôle d'étanchéité à la mise en service, son renouvellement périodique, et un constat écrit en cas de fuite. Renvoie encore au règlement (UE) n° 517/2014, abrogé.","« Le détenteur d'un équipement dont la charge en HCFC est supérieure à deux kilogrammes, ou dont la charge en HFC ou PFC est supérieure à cinq tonnes équivalent CO2 […] fait procéder, lors de la mise en service de cet équipement, à un contrôle d'étanchéité […] par un opérateur disposant de l'attestation de capacité prévue à l'article R. 543-99. Ce contrôle est ensuite périodiquement renouvelé dans les conditions définies par arrêté du ministre chargé de l'environnement. »",« Ce contrôle est ensuite périodiquement renouvelé dans les conditions définies par arrêté du ministre chargé de l'environnement. Il est également renouvelé à chaque fois que des modifications ayant une incidence sur le circuit contenant les fluides frigorigènes sont apportées à l'équipement. »,VERSION_JAMAIS_CONSTATEE
froid-controle-etancheite-trimestriel-500t,froid,Contrôle d'étanchéité trimestriel (charge supérieure à 500 t CO2e),trimestrielle,personne_qualifiee,4,tout employeur · ERP,INSTALLATION_FRIGORIFIQUE.estChargeSousSeuilControle ≠ true (sauf si) ET INSTALLATION_FRIGORIFIQUE.estHermetiquementScelleSousSeuil ≠ true (sauf si) ET INSTALLATION_FRIGORIFIQUE.estChargeSuperieure500TCo2 = true (seulement si) ET INSTALLATION_FRIGORIFIQUE.aDetectionDeFuites ≠ true (sauf si),fondement,REGLEMENT_UE,"Règlement (UE) 2024/573, art. 5",Règlement UE 2024/573 art. 5,https://eur-lex.europa.eu/eli/reg/2024/573/oj/fra,,froid-fluides-frigorigenes,retenu,première main,2026-08-26,2024-02-20,Fixe les seuils et les exemptions du contrôle d'étanchéité. D'application directe : opposable sans transposition.,"Seuil de contrôle à 5 tonnes équivalent CO2 pour les équipements fixes ; exemption des équipements hermétiquement scellés contenant moins de 10 tonnes équivalent CO2 ; exemption des appareils de commutation électrique sous conditions de taux de fuite, de dispositif d'alerte ou de charge.","Contrôles d'étanchéité. Déclenchement à 5 t CO2e de gaz de l'annexe I ou 1 kg de gaz de l'annexe II section 1 ; dispense des équipements hermétiquement scellés étiquetés comme tels sous 10 t CO2e ou 2 kg. Abroge le règlement (UE) n° 517/2014 depuis le 11 mars 2024.",VERSION_JAMAIS_CONSTATEE
froid-controle-etancheite-trimestriel-500t,froid,Contrôle d'étanchéité trimestriel (charge supérieure à 500 t CO2e),trimestrielle,personne_qualifiee,4,tout employeur · ERP,INSTALLATION_FRIGORIFIQUE.estChargeSousSeuilControle ≠ true (sauf si) ET INSTALLATION_FRIGORIFIQUE.estHermetiquementScelleSousSeuil ≠ true (sauf si) ET INSTALLATION_FRIGORIFIQUE.estChargeSuperieure500TCo2 = true (seulement si) ET INSTALLATION_FRIGORIFIQUE.aDetectionDeFuites ≠ true (sauf si),contexte 1,CODE_ENVIRONNEMENT,"R. 543-79, al. 2",C. env. R. 543-79,https://www.legifrance.gouv.fr/codes/article_lc/LEGIARTI000031790640,,froid-fluides-frigorigenes,retenu,première main,2026-08-26,2025-01-01,"Impose au détenteur le contrôle d'étanchéité à la mise en service, son renouvellement périodique, et un constat écrit en cas de fuite. Renvoie encore au règlement (UE) n° 517/2014, abrogé.","« Le détenteur d'un équipement dont la charge en HCFC est supérieure à deux kilogrammes, ou dont la charge en HFC ou PFC est supérieure à cinq tonnes équivalent CO2 […] fait procéder, lors de la mise en service de cet équipement, à un contrôle d'étanchéité […] par un opérateur disposant de l'attestation de capacité prévue à l'article R. 543-99. Ce contrôle est ensuite périodiquement renouvelé dans les conditions définies par arrêté du ministre chargé de l'environnement. »",« Ce contrôle est ensuite périodiquement renouvelé dans les conditions définies par arrêté du ministre chargé de l'environnement. Il est également renouvelé à chaque fois que des modifications ayant une incidence sur le circuit contenant les fluides frigorigènes sont apportées à l'équipement. »,VERSION_JAMAIS_CONSTATEE
froid-controle-etancheite-semestriel-500t-detection,froid,"Contrôle d'étanchéité semestriel (charge supérieure à 500 t CO2e, détection de fuites)",semestrielle,personne_qualifiee,4,tout employeur · ERP,INSTALLATION_FRIGORIFIQUE.estChargeSousSeuilControle ≠ true (sauf si) ET INSTALLATION_FRIGORIFIQUE.estHermetiquementScelleSousSeuil ≠ true (sauf si) ET INSTALLATION_FRIGORIFIQUE.estChargeSuperieure500TCo2 = true (seulement si) ET INSTALLATION_FRIGORIFIQUE.aDetectionDeFuites = true (seulement si),fondement,REGLEMENT_UE,"Règlement (UE) 2024/573, art. 5",Règlement UE 2024/573 art. 5,https://eur-lex.europa.eu/eli/reg/2024/573/oj/fra,,froid-fluides-frigorigenes,retenu,première main,2026-08-26,2024-02-20,Fixe les seuils et les exemptions du contrôle d'étanchéité. D'application directe : opposable sans transposition.,"Seuil de contrôle à 5 tonnes équivalent CO2 pour les équipements fixes ; exemption des équipements hermétiquement scellés contenant moins de 10 tonnes équivalent CO2 ; exemption des appareils de commutation électrique sous conditions de taux de fuite, de dispositif d'alerte ou de charge.","Contrôles d'étanchéité. Déclenchement à 5 t CO2e de gaz de l'annexe I ou 1 kg de gaz de l'annexe II section 1 ; dispense des équipements hermétiquement scellés étiquetés comme tels sous 10 t CO2e ou 2 kg. Abroge le règlement (UE) n° 517/2014 depuis le 11 mars 2024.",VERSION_JAMAIS_CONSTATEE
froid-controle-etancheite-semestriel-500t-detection,froid,"Contrôle d'étanchéité semestriel (charge supérieure à 500 t CO2e, détection de fuites)",semestrielle,personne_qualifiee,4,tout employeur · ERP,INSTALLATION_FRIGORIFIQUE.estChargeSousSeuilControle ≠ true (sauf si) ET INSTALLATION_FRIGORIFIQUE.estHermetiquementScelleSousSeuil ≠ true (sauf si) ET INSTALLATION_FRIGORIFIQUE.estChargeSuperieure500TCo2 = true (seulement si) ET INSTALLATION_FRIGORIFIQUE.aDetectionDeFuites = true (seulement si),contexte 1,CODE_ENVIRONNEMENT,"R. 543-79, al. 2",C. env. R. 543-79,https://www.legifrance.gouv.fr/codes/article_lc/LEGIARTI000031790640,,froid-fluides-frigorigenes,retenu,première main,2026-08-26,2025-01-01,"Impose au détenteur le contrôle d'étanchéité à la mise en service, son renouvellement périodique, et un constat écrit en cas de fuite. Renvoie encore au règlement (UE) n° 517/2014, abrogé.","« Le détenteur d'un équipement dont la charge en HCFC est supérieure à deux kilogrammes, ou dont la charge en HFC ou PFC est supérieure à cinq tonnes équivalent CO2 […] fait procéder, lors de la mise en service de cet équipement, à un contrôle d'étanchéité […] par un opérateur disposant de l'attestation de capacité prévue à l'article R. 543-99. Ce contrôle est ensuite périodiquement renouvelé dans les conditions définies par arrêté du ministre chargé de l'environnement. »",« Ce contrôle est ensuite périodiquement renouvelé dans les conditions définies par arrêté du ministre chargé de l'environnement. Il est également renouvelé à chaque fois que des modifications ayant une incidence sur le circuit contenant les fluides frigorigènes sont apportées à l'équipement. »,VERSION_JAMAIS_CONSTATEE
froid-controle-etancheite-apres-modification,froid,Contrôle d'étanchéité après modification du circuit frigorifique,autre,personne_qualifiee,4,tout employeur · ERP,INSTALLATION_FRIGORIFIQUE.estChargeSousSeuilControle ≠ true (sauf si) ET INSTALLATION_FRIGORIFIQUE.estHermetiquementScelleSousSeuil ≠ true (sauf si),fondement,CODE_ENVIRONNEMENT,"R. 543-79, al. 2",C. env. R. 543-79,https://www.legifrance.gouv.fr/codes/article_lc/LEGIARTI000031790640,,froid-fluides-frigorigenes,retenu,première main,2026-08-26,2025-01-01,"Impose au détenteur le contrôle d'étanchéité à la mise en service, son renouvellement périodique, et un constat écrit en cas de fuite. Renvoie encore au règlement (UE) n° 517/2014, abrogé.","« Le détenteur d'un équipement dont la charge en HCFC est supérieure à deux kilogrammes, ou dont la charge en HFC ou PFC est supérieure à cinq tonnes équivalent CO2 […] fait procéder, lors de la mise en service de cet équipement, à un contrôle d'étanchéité […] par un opérateur disposant de l'attestation de capacité prévue à l'article R. 543-99. Ce contrôle est ensuite périodiquement renouvelé dans les conditions définies par arrêté du ministre chargé de l'environnement. »",« Ce contrôle est ensuite périodiquement renouvelé dans les conditions définies par arrêté du ministre chargé de l'environnement. Il est également renouvelé à chaque fois que des modifications ayant une incidence sur le circuit contenant les fluides frigorigènes sont apportées à l'équipement. »,VERSION_JAMAIS_CONSTATEE
froid-controle-etancheite-apres-modification,froid,Contrôle d'étanchéité après modification du circuit frigorifique,autre,personne_qualifiee,4,tout employeur · ERP,INSTALLATION_FRIGORIFIQUE.estChargeSousSeuilControle ≠ true (sauf si) ET INSTALLATION_FRIGORIFIQUE.estHermetiquementScelleSousSeuil ≠ true (sauf si),contexte 1,REGLEMENT_UE,"Règlement (UE) 2024/573, art. 5",Règlement UE 2024/573 art. 5,https://eur-lex.europa.eu/eli/reg/2024/573/oj/fra,,froid-fluides-frigorigenes,retenu,première main,2026-08-26,2024-02-20,Fixe les seuils et les exemptions du contrôle d'étanchéité. D'application directe : opposable sans transposition.,"Seuil de contrôle à 5 tonnes équivalent CO2 pour les équipements fixes ; exemption des équipements hermétiquement scellés contenant moins de 10 tonnes équivalent CO2 ; exemption des appareils de commutation électrique sous conditions de taux de fuite, de dispositif d'alerte ou de charge.","Contrôles d'étanchéité. Déclenchement à 5 t CO2e de gaz de l'annexe I ou 1 kg de gaz de l'annexe II section 1 ; dispense des équipements hermétiquement scellés étiquetés comme tels sous 10 t CO2e ou 2 kg. Abroge le règlement (UE) n° 517/2014 depuis le 11 mars 2024.",VERSION_JAMAIS_CONSTATEE
